HDP2,HDP3,HDP4,HDP5,UDP1,UDP2,UDP3,UDP4
0.328334636,0.373475076,0.277104792,0.47665891,0.225447958,0.326638806,0.192351529,0.828866374
0.327762743,0.406930041,0.317708961,0.463892775,0.225447958,0.326638806,0.192351529,0.828866374
0.386098055,0.413673941,0.30825868,0.47665891,0.225447958,0.326638806,0.192351529,0.828866374
0.326373901,0.364229607,0.299655762,0.57767582,0.225447958,0.326638806,0.192351529,0.828866374
0.332334023,0.404666178,0.272583314,0.476670488,0.225447958,0.326638806,0.192351529,0.828866374
0.361767732,0.423936486,0.391578169,0.298639973,0.225447958,0.326638806,0.192351529,0.828866374
0.39257797,0.447374974,0.372481891,0.620517941,0.225447958,0.326638806,0.192351529,0.828866374
0.322203333,0.432995429,0.343984674,0.425056105,0.225447958,0.326638806,0.192351529,0.828866374
0.616781621,0.622777485,0.40203891,0.563403597,0.225447958,0.326638806,0.192351529,0.828866374
0.356824318,0.383926629,0.474591498,0.731794915,0.225447958,0.326638806,0.192351529,0.828866374
0.409804112,0.386830011,0.353446441,0.308937159,0.225447958,0.326638806,0.192351529,0.828866374
0.420731445,0.425815994,0.38492937,0.771724924,0.225447958,0.326638806,0.192351529,0.828866374
0.396976965,0.416758154,0.339908655,0.211973297,0.225447958,0.326638806,0.192351529,0.828866374
0.372397541,0.392936138,0.360280113,0.24106648,0.225447958,0.326638806,0.192351529,0.828866374
0.585674778,0.414898493,0.692480995,0.574787323,0.225447958,0.326638806,0.192351529,0.828866374
0.542306891,0.583986115,0.467034691,0.764341229,0.225447958,0.326638806,0.192351529,0.828866374
0.282142203,0.370657331,0.281973503,0.247577268,0.225447958,0.326638806,0.192351529,0.828866374
0.513611386,0.403548581,0.587902806,0.499027857,0.225447958,0.326638806,0.192351529,0.828866374
0.286084254,0.384119403,0.292289065,0.298690969,0.225447958,0.326638806,0.192351529,0.828866374
0.425356385,0.424625072,0.445999272,0.210849727,0.225447958,0.326638806,0.192351529,0.828866374
0.458339336,0.374793075,0.37263148,0.456915762,0.225447958,0.326638806,0.192351529,0.828866374
0.297086473,0.414109752,0.321621425,0.264956858,0.225447958,0.326638806,0.192351529,0.828866374
0.433197117,0.397145206,0.360842817,0.300592897,0.225447958,0.326638806,0.192351529,0.828866374
0.316696113,0.393327752,0.33273262,0.224984214,0.225447958,0.326638806,0.192351529,0.828866374
0.306612468,0.384217261,0.386191594,0.421788858,0.225447958,0.326638806,0.192351529,0.828866374
0.404281088,0.439414332,0.405994743,0.465537884,0.225447958,0.326638806,0.192351529,0.828866374
0.309092812,0.398909766,0.380982541,0.454326259,0.225447958,0.326638806,0.192351529,0.828866374
0.496636917,0.44735724,0.358972406,0.462982562,0.225447958,0.326638806,0.192351529,0.828866374
0.294969167,0.38203784,0.334390777,0.294373477,0.225447958,0.326638806,0.192351529,0.828866374
0.306161864,0.391963259,0.29614456,0.748475076,0.225447958,0.326638806,0.192351529,0.828866374
0.355409381,0.397908771,0.320255095,0.424245036,0.225447958,0.326638806,0.192351529,0.828866374
0.291113549,0.590862209,0.281076446,0.516255104,0.312099231,0.396693264,0.260226566,0.762547395
0.319575091,0.589976497,0.284055167,0.359852908,0.312099231,0.396693264,0.260226566,0.762547395
0.282952289,0.591989303,0.271265422,0.482351624,0.312099231,0.396693264,0.260226566,0.762547395
0.273271835,0.589231042,0.292862113,0.457924411,0.312099231,0.396693264,0.260226566,0.762547395
0.286211523,0.591668882,0.28488528,0.41275038,0.312099231,0.396693264,0.260226566,0.762547395
0.701643643,0.597683084,0.723667112,0.40384754,0.312099231,0.396693264,0.260226566,0.762547395
0.664486353,0.58706713,0.63474448,0.462525388,0.312099231,0.396693264,0.260226566,0.762547395
0.367054066,0.50863395,0.543855537,0.396257382,0.312099231,0.396693264,0.260226566,0.762547395
0.608076641,0.627828486,0.70096328,0.518143732,0.312099231,0.396693264,0.260226566,0.762547395
0.369710815,0.603544243,0.641131991,0.56070344,0.312099231,0.396693264,0.260226566,0.762547395
0.479327959,0.588663427,0.618274729,0.449602941,0.312099231,0.396693264,0.260226566,0.762547395
0.388045172,0.603265279,0.561511274,0.623333672,0.312099231,0.396693264,0.260226566,0.762547395
0.685541582,0.600928952,0.517286885,0.251329149,0.312099231,0.396693264,0.260226566,0.762547395
0.528202144,0.593150687,0.457264583,0.241365856,0.312099231,0.396693264,0.260226566,0.762547395
0.703209331,0.604795321,0.703620029,0.352240085,0.312099231,0.396693264,0.260226566,0.762547395
0.680310611,0.622043849,0.686450542,0.547491955,0.312099231,0.396693264,0.260226566,0.762547395
0.472500304,0.60231835,0.416768631,0.254273387,0.312099231,0.396693264,0.260226566,0.762547395
0.643197878,0.5936319,0.672661755,0.488942934,0.312099231,0.396693264,0.260226566,0.762547395
0.426490929,0.59372082,0.326400033,0.352361163,0.312099231,0.396693264,0.260226566,0.762547395
0.410281932,0.584303445,0.560085844,0.280782952,0.312099231,0.396693264,0.260226566,0.762547395
0.482383782,0.597271418,0.591923049,0.531504773,0.312099231,0.396693264,0.260226566,0.762547395
0.292292561,0.596985867,0.277824573,0.355641707,0.312099231,0.396693264,0.260226566,0.762547395
0.449090925,0.598423308,0.444560852,0.316836977,0.312099231,0.396693264,0.260226566,0.762547395
0.490238763,0.586825361,0.416188617,0.298749232,0.312099231,0.396693264,0.260226566,0.762547395
0.544049262,0.592421892,0.367739853,0.471866822,0.312099231,0.396693264,0.260226566,0.762547395
0.39666498,0.593885293,0.547430931,0.520586414,0.312099231,0.396693264,0.260226566,0.762547395
0.502516492,0.59560538,0.402790187,0.531665178,0.312099231,0.396693264,0.260226566,0.762547395
0.416451696,0.520216011,0.511184925,0.51791533,0.312099231,0.396693264,0.260226566,0.762547395
0.317690143,0.590824627,0.507153888,0.478647208,0.312099231,0.396693264,0.260226566,0.762547395
0.384958934,0.596434137,0.421695453,0.475380031,0.312099231,0.396693264,0.260226566,0.762547395
0.333975662,0.592642932,0.311255363,0.407653467,0.312099231,0.396693264,0.260226566,0.762547395
0.495267902,0.555517781,0.431583315,0.431953284,0.345575626,0.35247004,0.290680292,0.715539179
0.487248584,0.47012004,0.424783893,0.395576376,0.345575626,0.35247004,0.290680292,0.715539179
0.372248359,0.516966058,0.440932521,0.432193264,0.345575626,0.35247004,0.290680292,0.715539179
0.479549238,0.453991411,0.479989201,0.516536094,0.345575626,0.35247004,0.290680292,0.715539179
0.518215952,0.47164991,0.5447037,0.432683222,0.345575626,0.35247004,0.290680292,0.715539179
0.443782279,0.524065454,0.4011759,0.317643,0.345575626,0.35247004,0.290680292,0.715539179
0.429423499,0.474404676,0.506146978,0.529619982,0.345575626,0.35247004,0.290680292,0.715539179
0.436422904,0.329731973,0.463050641,0.384127349,0.345575626,0.35247004,0.290680292,0.715539179
0.639350655,0.467160291,0.425693816,0.538109261,0.345575626,0.35247004,0.290680292,0.715539179
0.384627307,0.662503687,0.433133184,0.533634641,0.345575626,0.35247004,0.290680292,0.715539179
0.390246829,0.359449447,0.516686082,0.393511552,0.345575626,0.35247004,0.290680292,0.715539179
0.52400546,0.452631526,0.488518476,0.586520146,0.345575626,0.35247004,0.290680292,0.715539179
0.414014809,0.58200053,0.472299855,0.281081108,0.345575626,0.35247004,0.290680292,0.715539179
0.442162416,0.461830744,0.438987686,0.280131189,0.345575626,0.35247004,0.290680292,0.715539179
0.569941555,0.344170745,0.621957134,0.394656454,0.345575626,0.35247004,0.290680292,0.715539179
0.559742422,0.388596969,0.552753016,0.575941045,0.345575626,0.35247004,0.290680292,0.715539179
0.375388092,0.266957309,0.308428784,0.280571151,0.345575626,0.35247004,0.290680292,0.715539179
0.595689366,0.390536804,0.571481424,0.528425084,0.345575626,0.35247004,0.290680292,0.715539179
0.378067864,0.412724918,0.306453951,0.298839599,0.345575626,0.35247004,0.290680292,0.715539179
0.355339796,0.439732623,0.386477149,0.300779434,0.345575626,0.35247004,0.290680292,0.715539179
0.466200373,0.247778939,0.445047171,0.468800152,0.345575626,0.35247004,0.290680292,0.715539179
0.347740442,0.411685007,0.508611768,0.333246674,0.345575626,0.35247004,0.290680292,0.715539179
0.450871676,0.454816341,0.354029907,0.309893659,0.345575626,0.35247004,0.290680292,0.715539179
0.425853802,0.349080328,0.366088882,0.292695121,0.345575626,0.35247004,0.290680292,0.715539179
0.355559777,0.362849158,0.34493568,0.424913882,0.345575626,0.35247004,0.290680292,0.715539179
0.345440638,0.321782648,0.400145988,0.468570172,0.345575626,0.35247004,0.290680292,0.715539179
0.324157447,0.395741362,0.43917267,0.468800152,0.345575626,0.35247004,0.290680292,0.715539179
0.468035217,0.40129089,0.482648975,0.468880145,0.345575626,0.35247004,0.290680292,0.715539179
0.526295265,0.285005775,0.538894194,0.480559152,0.345575626,0.35247004,0.290680292,0.715539179
0.52752516,0.479349255,0.378457831,0.560077393,0.345575626,0.35247004,0.290680292,0.715539179
0.585970193,0.344775694,0.564597009,0.580075694,0.345575626,0.35247004,0.290680292,0.715539179
0.462538698,0.526890909,0.368075187,0.259565293,0.307359978,0.385763492,0.267016576,0.840498675
0.435026564,0.525780495,0.404382199,0.26434893,0.307359978,0.385763492,0.267016576,0.840498675
0.436076564,0.515019703,0.495524173,0.192543523,0.307359978,0.385763492,0.267016576,0.840498675
0.485614644,0.532220596,0.548533731,0.484938199,0.307359978,0.385763492,0.267016576,0.840498675
0.503333976,0.518252123,0.454535626,0.633272236,0.307359978,0.385763492,0.267016576,0.840498675
0.435732123,0.517933788,0.421397066,0.419892731,0.307359978,0.385763492,0.267016576,0.840498675
0.574340606,0.51679426,0.564893613,0.310607297,0.307359978,0.385763492,0.267016576,0.840498675
0.303927317,0.507667515,0.41278302,0.306759256,0.307359978,0.385763492,0.267016576,0.840498675
0.429090415,0.516579258,0.452416763,0.268836239,0.307359978,0.385763492,0.267016576,0.840498675
0.478816023,0.512684061,0.425697118,0.180529073,0.307359978,0.385763492,0.267016576,0.840498675
0.534164094,0.527008183,0.414736495,0.317584016,0.307359978,0.385763492,0.267016576,0.840498675
0.440647249,0.520676472,0.455240091,0.221658951,0.307359978,0.385763492,0.267016576,0.840498675
0.61976999,0.558505452,0.598933461,0.788295821,0.307359978,0.385763492,0.267016576,0.840498675
0.521347177,0.514960792,0.555961368,0.649128576,0.307359978,0.385763492,0.267016576,0.840498675
0.481803097,0.513646584,0.361469699,0.366354892,0.307359978,0.385763492,0.267016576,0.840498675
0.592671869,0.525734843,0.526227586,0.355379098,0.307359978,0.385763492,0.267016576,0.840498675
0.385247103,0.520926329,0.349228902,0.34935424,0.307359978,0.385763492,0.267016576,0.840498675
0.417012817,0.551772712,0.485824862,0.700713349,0.307359978,0.385763492,0.267016576,0.840498675
0.411055071,0.519062244,0.371212202,0.624115967,0.307359978,0.385763492,0.267016576,0.840498675
0.378530765,0.531557682,0.377966947,0.512328685,0.307359978,0.385763492,0.267016576,0.840498675
0.396898796,0.521298107,0.397150293,0.343211562,0.307359978,0.385763492,0.267016576,0.840498675
0.451131668,0.53629061,0.386419571,0.336025582,0.307359978,0.385763492,0.267016576,0.840498675
0.42651093,0.531693135,0.364581702,0.555487351,0.307359978,0.385763492,0.267016576,0.840498675
0.443918624,0.552603063,0.35835059,0.702172169,0.307359978,0.385763492,0.267016576,0.840498675
0.456807847,0.533086484,0.40110645,0.628482174,0.307359978,0.385763492,0.267016576,0.840498675
0.42889113,0.58332028,0.47411959,0.620663077,0.307359978,0.385763492,0.267016576,0.840498675
0.490924101,0.517662198,0.51118779,0.639854214,0.307359978,0.385763492,0.267016576,0.840498675
0.48144198,0.52927111,0.481535471,0.314254551,0.307359978,0.385763492,0.267016576,0.840498675
0.443356446,0.531037056,0.382196744,0.233652078,0.307359978,0.385763492,0.267016576,0.840498675
0.487910746,0.533879938,0.426101327,0.313270378,0.400818241,0.495254507,0.384949159,0.724721078
0.425714226,0.533789603,0.411972824,0.40459996,0.400818241,0.495254507,0.384949159,0.724721078
0.511561665,0.532267055,0.474660872,0.296881746,0.400818241,0.495254507,0.384949159,0.724721078
0.588284883,0.53333649,0.564273431,0.657679226,0.400818241,0.495254507,0.384949159,0.724721078
0.590170319,0.534981215,0.547718783,0.546791849,0.400818241,0.495254507,0.384949159,0.724721078
0.52260022,0.530558715,0.547135248,0.589845066,0.400818241,0.495254507,0.384949159,0.724721078
0.584482895,0.537502406,0.560026014,0.351425686,0.400818241,0.495254507,0.384949159,0.724721078
0.504653213,0.529823106,0.532749942,0.335830772,0.400818241,0.495254507,0.384949159,0.724721078
0.427086371,0.531177912,0.539895764,0.300309985,0.400818241,0.495254507,0.384949159,0.724721078
0.415803722,0.534755487,0.425313224,0.398226985,0.400818241,0.495254507,0.384949159,0.724721078
0.496331707,0.530622262,0.509430287,0.319734154,0.400818241,0.495254507,0.384949159,0.724721078
0.439654143,0.528179764,0.527838474,0.357741866,0.400818241,0.495254507,0.384949159,0.724721078
0.543516177,0.53744798,0.600897768,0.719693432,0.400818241,0.495254507,0.384949159,0.724721078
0.550355536,0.534701855,0.530847031,0.661300543,0.400818241,0.495254507,0.384949159,0.724721078
0.504279547,0.535838466,0.454651375,0.433338032,0.400818241,0.495254507,0.384949159,0.724721078
0.520004143,0.536212159,0.535204587,0.50558757,0.400818241,0.495254507,0.384949159,0.724721078
0.469840644,0.534292773,0.399727771,0.499139188,0.400818241,0.495254507,0.384949159,0.724721078
0.468086123,0.535483207,0.563630677,0.668992387,0.400818241,0.495254507,0.384949159,0.724721078
0.486574771,0.534503408,0.485426875,0.497115305,0.400818241,0.495254507,0.384949159,0.724721078
0.427033315,0.532644884,0.425873874,0.604784119,0.400818241,0.495254507,0.384949159,0.724721078
0.362693927,0.530758915,0.410685221,0.57382154,0.400818241,0.495254507,0.384949159,0.724721078
0.535546384,0.538465167,0.462144526,0.569546869,0.400818241,0.495254507,0.384949159,0.724721078
0.46404778,0.535943592,0.416550822,0.432686225,0.400818241,0.495254507,0.384949159,0.724721078
0.552319666,0.538762741,0.435858415,0.511160403,0.400818241,0.495254507,0.384949159,0.724721078
0.497448789,0.533975669,0.541430665,0.473021735,0.400818241,0.495254507,0.384949159,0.724721078
0.501263348,0.533552672,0.41173288,0.505082948,0.400818241,0.495254507,0.384949159,0.724721078
0.484438476,0.534064799,0.566585959,0.424379401,0.400818241,0.495254507,0.384949159,0.724721078
0.531945596,0.534490617,0.543168902,0.397451645,0.400818241,0.495254507,0.384949159,0.724721078
0.426690929,0.532832758,0.412919972,0.430794093,0.400818241,0.495254507,0.384949159,0.724721078
0.455255881,0.559768556,0.61077866,0.554871594,0.699951801,0.717260718,0.655586693,0.767716034
0.593759139,0.562456671,0.668722475,0.342689164,0.699951801,0.717260718,0.655586693,0.767716034
0.647829632,0.559414624,0.539731897,0.298247064,0.699951801,0.717260718,0.655586693,0.767716034
0.326230431,0.550614789,0.35858541,0.611352922,0.699951801,0.717260718,0.655586693,0.767716034
0.468397098,0.559997944,0.379622951,0.315864284,0.699951801,0.717260718,0.655586693,0.767716034
0.343887165,0.55993386,0.477427679,0.606043266,0.699951801,0.717260718,0.655586693,0.767716034
0.532504488,0.559396283,0.564358573,0.300874153,0.699951801,0.717260718,0.655586693,0.767716034
0.560105731,0.567131379,0.564176513,0.44290484,0.699951801,0.717260718,0.655586693,0.767716034
0.354080309,0.564595887,0.432604928,0.334510464,0.699951801,0.717260718,0.655586693,0.767716034
0.454307987,0.552435398,0.653547339,0.265491959,0.699951801,0.717260718,0.655586693,0.767716034
0.626206054,0.565623036,0.556365331,0.341426626,0.699951801,0.717260718,0.655586693,0.767716034
0.657204634,0.547345393,0.611715458,0.329570704,0.699951801,0.717260718,0.655586693,0.767716034
0.472965603,0.54591223,0.485291622,0.728673036,0.699951801,0.717260718,0.655586693,0.767716034
0.526666766,0.560127017,0.590948291,0.660521358,0.699951801,0.717260718,0.655586693,0.767716034
0.447883548,0.565245101,0.662563428,0.355441916,0.699951801,0.717260718,0.655586693,0.767716034
0.496122205,0.560875867,0.5727807,0.647206005,0.699951801,0.717260718,0.655586693,0.767716034
0.634880439,0.559440439,0.582834808,0.46137145,0.699951801,0.717260718,0.655586693,0.767716034
0.478272768,0.564458435,0.451450492,0.414580902,0.699951801,0.717260718,0.655586693,0.767716034
0.709112362,0.560413695,0.626357319,0.509061434,0.699951801,0.717260718,0.655586693,0.767716034
0.510864833,0.564633929,0.568400823,0.636645343,0.699951801,0.717260718,0.655586693,0.767716034
0.545291321,0.562741764,0.600752179,0.547078642,0.699951801,0.717260718,0.655586693,0.767716034
0.527768868,0.547718799,0.575966539,0.66531223,0.699951801,0.717260718,0.655586693,0.767716034
0.529577022,0.565885937,0.487221829,0.382163877,0.699951801,0.717260718,0.655586693,0.767716034
0.467684253,0.565252347,0.452819571,0.52409391,0.699951801,0.717260718,0.655586693,0.767716034
0.614872539,0.561430881,0.536977887,0.514374034,0.699951801,0.717260718,0.655586693,0.767716034
0.4902872,0.565756638,0.528261383,0.502408287,0.699951801,0.717260718,0.655586693,0.767716034
0.443086108,0.561442656,0.562379228,0.44761408,0.699951801,0.717260718,0.655586693,0.767716034
0.560344629,0.562901634,0.514315838,0.6890714,0.699951801,0.717260718,0.655586693,0.767716034
0.592503281,0.564240596,0.60540175,0.402657726,0.699951801,0.717260718,0.655586693,0.767716034
0.537052111,0.55237691,0.487835191,0.362059634,0.412268247,0.513954937,0.429071784,0.699636844
0.496993519,0.552614376,0.531002334,0.378950354,0.412268247,0.513954937,0.429071784,0.699636844
0.546921486,0.551449344,0.594252442,0.306727197,0.412268247,0.513954937,0.429071784,0.699636844
0.611152344,0.538720411,0.634216914,0.638633401,0.412268247,0.513954937,0.429071784,0.699636844
0.562735854,0.549909105,0.589378492,0.546454417,0.412268247,0.513954937,0.429071784,0.699636844
0.505668175,0.541026362,0.626861752,0.571641052,0.412268247,0.513954937,0.429071784,0.699636844
0.588041793,0.552545952,0.570648215,0.375630035,0.412268247,0.513954937,0.429071784,0.699636844
0.561722175,0.537176227,0.544135999,0.476430373,0.412268247,0.513954937,0.429071784,0.699636844
0.611907907,0.540856558,0.555754139,0.330820875,0.412268247,0.513954937,0.429071784,0.699636844
0.519782737,0.547869411,0.56088075,0.344138264,0.412268247,0.513954937,0.429071784,0.699636844
0.544495174,0.537362386,0.551786283,0.3517933,0.412268247,0.513954937,0.429071784,0.699636844
0.540105484,0.552523027,0.560223782,0.3211376,0.412268247,0.513954937,0.429071784,0.699636844
0.594633135,0.536845829,0.594964427,0.675674351,0.412268247,0.513954937,0.429071784,0.699636844
0.516491342,0.552106927,0.573810303,0.647774217,0.412268247,0.513954937,0.429071784,0.699636844
0.558646053,0.554339497,0.529171989,0.458461569,0.412268247,0.513954937,0.429071784,0.699636844
0.574623405,0.552638225,0.576859671,0.442720304,0.412268247,0.513954937,0.429071784,0.699636844
0.53907108,0.552787304,0.477262543,0.448403777,0.412268247,0.513954937,0.429071784,0.699636844
0.566169009,0.551916266,0.589373916,0.59129432,0.412268247,0.513954937,0.429071784,0.699636844
0.525898517,0.552145136,0.532194589,0.482754035,0.412268247,0.513954937,0.429071784,0.699636844
0.520483135,0.478673548,0.458810096,0.596370885,0.412268247,0.513954937,0.429071784,0.699636844
0.446877193,0.542696276,0.5339374,0.542481809,0.412268247,0.513954937,0.429071784,0.699636844
0.560689633,0.482785672,0.545736565,0.49509453,0.412268247,0.513954937,0.429071784,0.699636844
0.579646126,0.553033775,0.571811634,0.441735446,0.412268247,0.513954937,0.429071784,0.699636844
0.498011422,0.541446349,0.588430391,0.527071514,0.412268247,0.513954937,0.429071784,0.699636844
0.574332668,0.552041203,0.606370169,0.486662634,0.412268247,0.513954937,0.429071784,0.699636844
0.44109011,0.539111122,0.551491146,0.478321339,0.412268247,0.513954937,0.429071784,0.699636844
0.534955083,0.55263887,0.551204237,0.456389593,0.412268247,0.513954937,0.429071784,0.699636844
0.577100231,0.552636054,0.562862081,0.418571564,0.412268247,0.513954937,0.429071784,0.699636844
0.534187362,0.551251598,0.492245093,0.412931067,0.412268247,0.513954937,0.429071784,0.699636844
0.515978799,0.534040089,0.499081678,0.401473108,0.432396132,0.462769736,0.468399049,0.635652654
0.487476284,0.539373214,0.562068993,0.389040418,0.432396132,0.462769736,0.468399049,0.635652654
0.539728324,0.534797292,0.495280126,0.380272844,0.432396132,0.462769736,0.468399049,0.635652654
0.590907408,0.541674191,0.52989246,0.499788261,0.432396132,0.462769736,0.468399049,0.635652654
0.523771827,0.530442479,0.571523997,0.531221403,0.432396132,0.462769736,0.468399049,0.635652654
0.577430455,0.534849486,0.600191078,0.478593133,0.432396132,0.462769736,0.468399049,0.635652654
0.50133018,0.534365887,0.531445511,0.449067926,0.432396132,0.462769736,0.468399049,0.635652654
0.477462322,0.534520989,0.545052341,0.441975671,0.432396132,0.462769736,0.468399049,0.635652654
0.513667327,0.539575058,0.516050465,0.437543175,0.432396132,0.462769736,0.468399049,0.635652654
0.494307867,0.540206338,0.521779481,0.37574653,0.432396132,0.462769736,0.468399049,0.635652654
0.506079552,0.53525411,0.584168275,0.415780992,0.432396132,0.462769736,0.468399049,0.635652654
0.522936342,0.533977737,0.55845699,0.388026835,0.432396132,0.462769736,0.468399049,0.635652654
0.46847645,0.538907944,0.584837188,0.630990916,0.432396132,0.462769736,0.468399049,0.635652654
0.462411816,0.534802146,0.507840406,0.536396427,0.432396132,0.462769736,0.468399049,0.635652654
0.553919618,0.530870398,0.566790179,0.478712402,0.432396132,0.462769736,0.468399049,0.635652654
0.527432558,0.538315832,0.505682725,0.475648318,0.432396132,0.462769736,0.468399049,0.635652654
0.509199972,0.539289478,0.547547028,0.460218189,0.432396132,0.462769736,0.468399049,0.635652654
0.550662893,0.538711198,0.492065588,0.563140281,0.432396132,0.462769736,0.468399049,0.635652654
0.527989829,0.539403912,0.513332833,0.532360984,0.432396132,0.462769736,0.468399049,0.635652654
0.533058534,0.534198602,0.480555343,0.499896323,0.432396132,0.462769736,0.468399049,0.635652654
0.498967282,0.529340755,0.585724062,0.454787646,0.432396132,0.462769736,0.468399049,0.635652654
0.518192966,0.536885274,0.594306023,0.4564154,0.432396132,0.462769736,0.468399049,0.635652654
0.522100294,0.534920216,0.49896076,0.513237102,0.432396132,0.462769736,0.468399049,0.635652654
0.471587125,0.536229818,0.608790956,0.5625379,0.432396132,0.462769736,0.468399049,0.635652654
0.494292312,0.538859629,0.492785139,0.534928949,0.432396132,0.462769736,0.468399049,0.635652654
0.487104701,0.539284081,0.530323547,0.530733606,0.432396132,0.462769736,0.468399049,0.635652654
0.555190763,0.5393234,0.564002829,0.533888022,0.432396132,0.462769736,0.468399049,0.635652654
0.551561256,0.539180367,0.589639674,0.446064808,0.432396132,0.462769736,0.468399049,0.635652654
0.524057182,0.539348026,0.507260777,0.400417188,0.432396132,0.462769736,0.468399049,0.635652654
0.632128,0.633088,0.662464,0.526688,0.54,0.435456,0.431808,0.605376
0.598432,0.502784,0.614976,0.505088,0.54,0.435456,0.431808,0.605376
0.500928,0.622528,0.436736,0.73472,0.54,0.435456,0.431808,0.605376
0.632768,0.539072,0.59872,0.37856,0.54,0.435456,0.431808,0.605376
0.592576,0.463936,0.63872,0.415936,0.54,0.435456,0.431808,0.605376
0.5008,0.605248,0.51904,0.429376,0.54,0.435456,0.431808,0.605376
0.653504,0.595968,0.623584,0.565376,0.54,0.435456,0.431808,0.605376
0.555872,0.580736,0.60832,0.396608,0.54,0.435456,0.431808,0.605376
0.598624,0.507328,0.55936,0.488608,0.54,0.435456,0.431808,0.605376
0.469312,0.548992,0.650912,0.470912,0.54,0.435456,0.431808,0.605376
0.446656,0.562176,0.456768,0.494976,0.54,0.435456,0.431808,0.605376
0.489984,0.468032,0.609536,0.432832,0.54,0.435456,0.431808,0.605376
0.619968,0.5376,0.615872,0.561344,0.54,0.435456,0.431808,0.605376
0.410368,0.67952,0.550656,0.563072,0.54,0.435456,0.431808,0.605376
0.524608,0.624768,0.553536,0.433696,0.54,0.435456,0.431808,0.605376
0.585984,0.568704,0.662848,0.42592,0.54,0.435456,0.431808,0.605376
0.500672,0.595328,0.577536,0.449984,0.54,0.435456,0.431808,0.605376
0.54144,0.403008,0.687104,0.582528,0.54,0.435456,0.431808,0.605376
0.68192,0.453312,0.661632,0.392704,0.54,0.435456,0.431808,0.605376
0.477056,0.519552,0.55648,0.462272,0.54,0.435456,0.431808,0.605376
0.612864,0.5248,0.587616,0.409568,0.54,0.435456,0.431808,0.605376
0.587776,0.541376,0.700992,0.492064,0.54,0.435456,0.431808,0.605376
0.720448,0.52032,0.618528,0.558208,0.54,0.435456,0.431808,0.605376
0.564704,0.526784,0.52528,0.46752,0.54,0.435456,0.431808,0.605376
0.59552,0.517312,0.658304,0.34272,0.54,0.435456,0.431808,0.605376
0.485344,0.579584,0.571424,0.394304,0.54,0.435456,0.431808,0.605376
0.630336,0.632576,0.623488,0.42048,0.54,0.435456,0.431808,0.605376
0.625728,0.604288,0.576832,0.432704,0.54,0.435456,0.431808,0.605376
0.649472,0.564544,0.6416,0.505792,0.54,0.435456,0.431808,0.605376
0.424447646,0.35907781,0.366762728,0.642891451,0.547430355,0.404538905,0.60585975,0.441930836
0.418347743,0.427713737,0.50907781,0.425456292,0.547430355,0.404538905,0.60585975,0.441930836
0.454394813,0.439913545,0.647334294,0.359582133,0.547430355,0.404538905,0.60585975,0.441930836
0.440826129,0.54740634,0.25585975,0.293395773,0.547430355,0.404538905,0.60585975,0.441930836
0.524543708,0.562920269,0.498943324,0.374903939,0.547430355,0.404538905,0.60585975,0.441930836
0.599279539,0.703170029,0.422622478,0.356892411,0.547430355,0.404538905,0.60585975,0.441930836
0.529298751,0.629779059,0.484870317,0.404658982,0.547430355,0.404538905,0.60585975,0.441930836
0.441114313,0.537271854,0.533429395,0.337584054,0.547430355,0.404538905,0.60585975,0.441930836
0.394428434,0.473583093,0.455163305,0.365585975,0.547430355,0.404538905,0.60585975,0.441930836
0.366378482,0.546613833,0.377977906,0.418059558,0.547430355,0.404538905,0.60585975,0.441930836
0.45098463,0.348559078,0.433981748,0.439889529,0.547430355,0.404538905,0.60585975,0.441930836
0.535710855,0.426801153,0.466834774,0.392795389,0.547430355,0.404538905,0.60585975,0.441930836
0.322118156,0.58698367,0.440754083,0.382180596,0.547430355,0.404538905,0.60585975,0.441930836
0.569404419,0.555475504,0.602473583,0.38246878,0.547430355,0.404538905,0.60585975,0.441930836
0.487728146,0.624159462,0.451777137,0.405571566,0.547430355,0.404538905,0.60585975,0.441930836
0.404226705,0.459029779,0.40160903,0.347742555,0.547430355,0.404538905,0.60585975,0.441930836
0.611143132,0.574639769,0.45192123,0.37401537,0.547430355,0.404538905,0.60585975,0.441930836
0.496853987,0.322286263,0.441618636,0.642435159,0.547430355,0.404538905,0.60585975,0.441930836
0.436551393,0.609798271,0.448487032,0.47821806,0.547430355,0.404538905,0.60585975,0.441930836
0.686743516,0.517915466,0.508117195,0.424879923,0.547430355,0.404538905,0.60585975,0.441930836
0.3123439,0.586647454,0.379947166,0.299495677,0.547430355,0.404538905,0.60585975,0.441930836
0.565994236,0.485302594,0.385038425,0.3873439,0.547430355,0.404538905,0.60585975,0.441930836
0.492579251,0.371613833,0.373150817,0.440850144,0.547430355,0.404538905,0.60585975,0.441930836
0.484582133,0.344236311,0.405595581,0.356772334,0.547430355,0.404538905,0.60585975,0.441930836
0.549039385,0.536599424,0.556676273,0.596974063,0.547430355,0.404538905,0.60585975,0.441930836
0.291786744,0.610134486,0.377545629,0.464385207,0.547430355,0.404538905,0.60585975,0.441930836
0.660566763,0.512752161,0.525840538,0.424975985,0.547430355,0.404538905,0.60585975,0.441930836
0.598294909,0.509173871,0.431027858,0.408069164,0.547430355,0.404538905,0.60585975,0.441930836
0.55907781,0.678001921,0.562007685,0.582420749,0.547430355,0.404538905,0.60585975,0.441930836
0.510757028,0.483639128,0.446191346,0.551645492,0.487941939,0.525319184,0.513500169,0.490614542
0.463959057,0.47134986,0.391900683,0.445203815,0.487941939,0.525319184,0.513500169,0.490614542
0.460549725,0.450768471,0.504581044,0.476538314,0.487941939,0.525319184,0.513500169,0.490614542
0.449498789,0.460204873,0.516164933,0.490426441,0.487941939,0.525319184,0.513500169,0.490614542
0.521635539,0.537780878,0.460142173,0.54897289,0.487941939,0.525319184,0.513500169,0.490614542
0.460189198,0.478858227,0.479375505,0.560760555,0.487941939,0.525319184,0.513500169,0.490614542
0.499572854,0.491116145,0.513923396,0.446442147,0.487941939,0.525319184,0.513500169,0.490614542
0.465330627,0.455094795,0.482494847,0.517136789,0.487941939,0.525319184,0.513500169,0.490614542
0.418148615,0.560345165,0.443095516,0.528156375,0.487941939,0.525319184,0.513500169,0.490614542
0.488231929,0.502323832,0.440203463,0.468402944,0.487941939,0.525319184,0.513500169,0.490614542
0.47138121,0.498060208,0.423619221,0.470346655,0.487941939,0.525319184,0.513500169,0.490614542
0.402089489,0.472164965,0.477815833,0.456223401,0.487941939,0.525319184,0.513500169,0.490614542
0.448464233,0.473513022,0.447633454,0.414606046,0.487941939,0.525319184,0.513500169,0.490614542
0.528705003,0.478967952,0.494094411,0.424622426,0.487941939,0.525319184,0.513500169,0.490614542
0.505411824,0.479500905,0.473144658,0.492675816,0.487941939,0.525319184,0.513500169,0.490614542
0.470957983,0.561920512,0.480221959,0.4784977,0.487941939,0.525319184,0.513500169,0.490614542
0.517732442,0.400200641,0.465056313,0.471302835,0.487941939,0.525319184,0.513500169,0.490614542
0.4131561,0.451748164,0.497879945,0.473309246,0.487941939,0.525319184,0.513500169,0.490614542
0.477047754,0.481805143,0.474132188,0.49923584,0.487941939,0.525319184,0.513500169,0.490614542
0.441661246,0.466960836,0.486946571,0.479720356,0.487941939,0.525319184,0.513500169,0.490614542
0.395490278,0.479312804,0.442970115,0.542828256,0.487941939,0.525319184,0.513500169,0.490614542
0.482518359,0.473560047,0.477008566,0.530821139,0.487941939,0.525319184,0.513500169,0.490614542
0.469257236,0.447782367,0.487894914,0.514017446,0.487941939,0.525319184,0.513500169,0.490614542
0.472729268,0.501665478,0.441480982,0.455894225,0.487941939,0.525319184,0.513500169,0.490614542
0.404401564,0.488325979,0.408720051,0.466200594,0.487941939,0.525319184,0.513500169,0.490614542
0.404409402,0.438369477,0.430837598,0.516964363,0.487941939,0.525319184,0.513500169,0.490614542
0.491147495,0.497182403,0.46675706,0.492683653,0.487941939,0.525319184,0.513500169,0.490614542
0.494690064,0.469656951,0.469868564,0.502543283,0.487941939,0.525319184,0.513500169,0.490614542
0.511587808,0.514503374,0.475441058,0.517395428,0.487941939,0.525319184,0.513500169,0.490614542
0.44203375,0.352180583,0.389436774,0.68759588,0.653846154,0.511615165,0.497918036,0.450032873
0.572320842,0.370808679,0.362809555,0.292680254,0.653846154,0.511615165,0.497918036,0.450032873
0.354700855,0.653955731,0.476221784,0.278763971,0.653846154,0.511615165,0.497918036,0.450032873
0.712250712,0.604426912,0.464058733,0.302651764,0.653846154,0.511615165,0.497918036,0.450032873
0.517751479,0.487398641,0.499671269,0.384724962,0.653846154,0.511615165,0.497918036,0.450032873
0.529585799,0.538680693,0.446197677,0.356563664,0.653846154,0.511615165,0.497918036,0.450032873
0.70162174,0.712360289,0.498465922,0.316129739,0.653846154,0.511615165,0.497918036,0.450032873
0.548433048,0.611658996,0.562897217,0.37037037,0.653846154,0.511615165,0.497918036,0.450032873
0.323033092,0.572649573,0.407955293,0.444334867,0.653846154,0.511615165,0.497918036,0.450032873
0.370918256,0.31941705,0.346701731,0.292680254,0.653846154,0.511615165,0.497918036,0.450032873
0.229454306,0.651983344,0.37815034,0.505588429,0.653846154,0.511615165,0.497918036,0.450032873
0.296734604,0.496383958,0.416392724,0.323252246,0.653846154,0.511615165,0.497918036,0.450032873
0.309226386,0.61483673,0.312842428,0.20567609,0.653846154,0.511615165,0.497918036,0.450032873
0.365877712,0.640368179,0.599605523,0.20567609,0.653846154,0.511615165,0.497918036,0.450032873
0.449594565,0.397435897,0.416283147,0.482029367,0.653846154,0.511615165,0.497918036,0.450032873
0.509752356,0.596646943,0.443458251,0.35524874,0.653846154,0.511615165,0.497918036,0.450032873
0.450032873,0.431295201,0.414749069,0.46493535,0.653846154,0.511615165,0.497918036,0.450032873
0.347140039,0.309555117,0.397107166,0.478742056,0.653846154,0.511615165,0.497918036,0.450032873
0.493534955,0.626013588,0.406749945,0.537804076,0.653846154,0.511615165,0.497918036,0.450032873
0.482138944,0.457264957,0.627438089,0.458799036,0.653846154,0.511615165,0.497918036,0.450032873
0.527394258,0.559390752,0.326868288,0.361713785,0.653846154,0.511615165,0.497918036,0.450032873
0.43611659,0.370699101,0.473811089,0.506684199,0.653846154,0.511615165,0.497918036,0.450032873
0.563992987,0.635327635,0.493425378,0.495069034,0.653846154,0.511615165,0.497918036,0.450032873
0.490576375,0.37815034,0.31130835,0.40433925,0.653846154,0.511615165,0.497918036,0.450032873
0.578018847,0.405763752,0.438746439,0.480495288,0.653846154,0.511615165,0.497918036,0.450032873
0.303966689,0.558185404,0.333990796,0.537804076,0.653846154,0.511615165,0.497918036,0.450032873
0.328183213,0.525202718,0.443239097,0.452662722,0.653846154,0.511615165,0.497918036,0.450032873
0.390861275,0.51106728,0.324348017,0.475673899,0.653846154,0.511615165,0.497918036,0.450032873
0.556760903,0.280517204,0.514354591,0.537694499,0.653846154,0.511615165,0.497918036,0.450032873
0.770967274,0.472277276,0.623870063,0.48431382,0.459418959,0.613042007,0.506018272,0.656160874
0.640692222,0.576932373,0.740561705,0.488374341,0.459418959,0.613042007,0.506018272,0.656160874
0.576400638,0.664281916,0.617199207,0.523227147,0.459418959,0.613042007,0.506018272,0.656160874
0.588968918,0.626818775,0.622274859,0.647459757,0.459418959,0.613042007,0.506018272,0.656160874
0.558805047,0.673369749,0.603543288,0.547831972,0.459418959,0.613042007,0.506018272,0.656160874
0.511819017,0.611011747,0.587567071,0.564992507,0.459418959,0.613042007,0.506018272,0.656160874
0.577367429,0.654323972,0.65968966,0.540822739,0.459418959,0.613042007,0.506018272,0.656160874
0.603978344,0.593657853,0.616304926,0.571324987,0.459418959,0.613042007,0.506018272,0.656160874
0.602068932,0.625126891,0.618746072,0.463286122,0.459418959,0.613042007,0.506018272,0.656160874
0.488277662,0.60226229,0.567796201,0.478948132,0.459418959,0.613042007,0.506018272,0.656160874
0.701019964,0.58979069,0.538454102,0.553681056,0.459418959,0.613042007,0.506018272,0.656160874
0.543191376,0.543964809,0.718035481,0.512834147,0.459418959,0.613042007,0.506018272,0.656160874
0.534828636,0.604606758,0.489969546,0.628607338,0.459418959,0.613042007,0.506018272,0.656160874
0.297336492,0.650698506,0.478609755,0.637646831,0.459418959,0.613042007,0.506018272,0.656160874
0.653550539,0.585730169,0.583023155,0.466718229,0.459418959,0.613042007,0.506018272,0.656160874
0.599313579,0.572630154,0.701358341,0.460675787,0.459418959,0.613042007,0.506018272,0.656160874
0.551650795,0.64513946,0.573983661,0.501522695,0.459418959,0.613042007,0.506018272,0.656160874
0.556968144,0.562019626,0.611978537,0.571421666,0.459418959,0.613042007,0.506018272,0.656160874
0.577995843,0.509885435,0.629332431,0.506743365,0.459418959,0.613042007,0.506018272,0.656160874
0.567989559,0.651568618,0.613090347,0.56678107,0.459418959,0.613042007,0.506018272,0.656160874
0.542224585,0.522115338,0.642384106,0.490259583,0.459418959,0.613042007,0.506018272,0.656160874
0.614492193,0.511045584,0.584328322,0.47073041,0.459418959,0.613042007,0.506018272,0.656160874
0.704500411,0.52719099,0.652052013,0.521825301,0.459418959,0.613042007,0.506018272,0.656160874
0.669260888,0.552569246,0.655387441,0.547348576,0.459418959,0.613042007,0.506018272,0.656160874
0.672547977,0.50940204,0.701358341,0.587567071,0.459418959,0.613042007,0.506018272,0.656160874
0.612606951,0.634118045,0.607434621,0.495721951,0.459418959,0.613042007,0.506018272,0.656160874
0.611543481,0.648136511,0.684439503,0.553391019,0.459418959,0.613042007,0.506018272,0.656160874
0.654372311,0.599845313,0.586213564,0.524387296,0.459418959,0.613042007,0.506018272,0.656160874
0.57306521,0.639193697,0.627592208,0.455406777,0.459418959,0.613042007,0.506018272,0.656160874
0.507299331,0.514169586,0.598308835,0.450460084,0.555382733,0.590975982,0.514353955,0.509233528
0.58474599,0.515156797,0.615594254,0.608185978,0.555382733,0.590975982,0.514353955,0.509233528
0.55984027,0.564069859,0.488083067,0.508864791,0.555382733,0.590975982,0.514353955,0.509233528
0.615408209,0.564478823,0.573745873,0.615093106,0.555382733,0.590975982,0.514353955,0.509233528
0.575340663,0.528357609,0.592558202,0.493828671,0.555382733,0.590975982,0.514353955,0.509233528
0.585654426,0.548121114,0.556006235,0.540732112,0.555382733,0.590975982,0.514353955,0.509233528
0.548048204,0.517023951,0.580408293,0.474705429,0.555382733,0.590975982,0.514353955,0.509233528
0.570611602,0.538635335,0.535740744,0.553433451,0.555382733,0.590975982,0.514353955,0.509233528
0.425434524,0.539067764,0.394091816,0.447595662,0.555382733,0.590975982,0.514353955,0.509233528
0.562564739,0.521094313,0.432839448,0.395978244,0.555382733,0.590975982,0.514353955,0.509233528
0.545244121,0.576935454,0.548577846,0.409585505,0.555382733,0.590975982,0.514353955,0.509233528
0.42340479,0.588795401,0.396892546,0.478951779,0.555382733,0.590975982,0.514353955,0.509233528
0.610614619,0.563412835,0.550881618,0.520117996,0.555382733,0.590975982,0.514353955,0.509233528
0.590510031,0.580024471,0.554987178,0.529495667,0.555382733,0.590975982,0.514353955,0.509233528
0.575484806,0.50714178,0.590905586,0.428664331,0.555382733,0.590975982,0.514353955,0.509233528
0.623659554,0.518036304,0.557348776,0.448282855,0.555382733,0.590975982,0.514353955,0.509233528
0.572577644,0.534443457,0.565419104,0.482774081,0.555382733,0.590975982,0.514353955,0.509233528
0.512895765,0.577624323,0.570066876,0.563379314,0.555382733,0.590975982,0.514353955,0.509233528
0.576014448,0.511692339,0.563484907,0.543618323,0.555382733,0.590975982,0.514353955,0.509233528
0.529359905,0.580565845,0.573331881,0.523394734,0.555382733,0.590975982,0.514353955,0.509233528
0.553738498,0.535268089,0.613489097,0.534438429,0.555382733,0.590975982,0.514353955,0.509233528
0.596745051,0.515554028,0.62232707,0.513876272,0.555382733,0.590975982,0.514353955,0.509233528
0.600952014,0.546050316,0.52073647,0.589201012,0.555382733,0.590975982,0.514353955,0.509233528
0.63259055,0.533276905,0.619819654,0.445678226,0.555382733,0.590975982,0.514353955,0.509233528
0.605699022,0.530047981,0.532233672,0.250208247,0.314702633,0.307836898,0.325354087,0.706826493
0.535282033,0.537819915,0.496252205,0.422648354,0.314702633,0.307836898,0.325354087,0.706826493
0.60911804,0.58015532,0.494987222,0.298029646,0.314702633,0.307836898,0.325354087,0.706826493
0.444798101,0.498088344,0.410763574,0.362510841,0.314702633,0.307836898,0.325354087,0.706826493
0.423664034,0.494967436,0.372676878,0.321972003,0.314702633,0.307836898,0.325354087,0.706826493
0.360384508,0.526763508,0.367346535,0.315533644,0.314702633,0.307836898,0.325354087,0.706826493
0.363869478,0.519823905,0.41102343,0.457294927,0.314702633,0.307836898,0.325354087,0.706826493
0.457012647,0.481183202,0.401826906,0.304351927,0.314702633,0.307836898,0.325354087,0.706826493
0.657323286,0.544438985,0.590268595,0.313891408,0.314702633,0.307836898,0.325354087,0.706826493
0.496489637,0.553317614,0.472431202,0.464730498,0.314702633,0.307836898,0.325354087,0.706826493
0.619946248,0.452625435,0.450877673,0.278421738,0.314702633,0.307836898,0.325354087,0.706826493
0.389917064,0.605948326,0.618933206,0.316534156,0.314702633,0.307836898,0.325354087,0.706826493
0.443138716,0.485621857,0.503958186,0.601941005,0.314702633,0.307836898,0.325354087,0.706826493
0.418399644,0.519289683,0.481126482,0.668795199,0.314702633,0.307836898,0.325354087,0.706826493
0.400800673,0.476511072,0.400929941,0.266201916,0.314702633,0.307836898,0.325354087,0.706826493
0.457215783,0.522998895,0.480772972,0.295747663,0.314702633,0.307836898,0.325354087,0.706826493
0.469311613,0.467511088,0.459617801,0.276191199,0.314702633,0.307836898,0.325354087,0.706826493
0.417906313,0.523922241,0.492229056,0.7281294,0.314702633,0.307836898,0.325354087,0.706826493
0.499822915,0.510139326,0.561239922,0.653881845,0.314702633,0.307836898,0.325354087,0.706826493
0.533546143,0.469911787,0.483194777,0.679744761,0.314702633,0.307836898,0.325354087,0.706826493
0.406253689,0.510256723,0.497974905,0.634087949,0.314702633,0.307836898,0.325354087,0.706826493
0.41816485,0.487043809,0.499454896,0.630448647,0.314702633,0.307836898,0.325354087,0.706826493
0.343822322,0.480048805,0.434854985,0.315277746,0.314702633,0.307836898,0.325354087,0.706826493
0.454520932,0.509971805,0.454098831,0.252482976,0.314702633,0.307836898,0.325354087,0.706826493
0.558950876,0.543660755,0.599509944,0.560871556,0.430138202,0.447789158,0.341589198,0.651581325
0.494648105,0.553431274,0.391411547,0.633308972,0.430138202,0.447789158,0.341589198,0.651581325
0.415276468,0.512407335,0.530477263,0.415573044,0.430138202,0.447789158,0.341589198,0.651581325
0.593038241,0.565009492,0.594499935,0.405291756,0.430138202,0.447789158,0.341589198,0.651581325
0.553490118,0.543347703,0.598720253,0.371267943,0.430138202,0.447789158,0.341589198,0.651581325
0.598280097,0.543660755,0.599821819,0.403326354,0.430138202,0.447789158,0.341589198,0.651581325
0.518555394,0.556625346,0.584797675,0.444345586,0.430138202,0.447789158,0.341589198,0.651581325
0.557312648,0.554229204,0.595617978,0.426419238,0.430138202,0.447789158,0.341589198,0.651581325
0.482151915,0.564501076,0.576481789,0.231088891,0.430138202,0.447789158,0.341589198,0.651581325
0.45188708,0.571708334,0.444590378,0.654168123,0.430138202,0.447789158,0.341589198,0.651581325
0.457345484,0.555128345,0.531835391,0.27495619,0.430138202,0.447789158,0.341589198,0.651581325
0.471060929,0.537861054,0.479614546,0.28158442,0.430138202,0.447789158,0.341589198,0.651581325
0.49216958,0.549083852,0.555822709,0.389862763,0.430138202,0.447789158,0.341589198,0.651581325
0.567697502,0.554172713,0.584534053,0.733303205,0.430138202,0.447789158,0.341589198,0.651581325
0.573370099,0.53332533,0.570517324,0.492609736,0.430138202,0.447789158,0.341589198,0.651581325
0.54411268,0.583493684,0.539358055,0.297651286,0.430138202,0.447789158,0.341589198,0.651581325
0.558551911,0.555610869,0.634845987,0.325924827,0.430138202,0.447789158,0.341589198,0.651581325
0.362883798,0.481996566,0.483655977,0.637905894,0.430138202,0.447789158,0.341589198,0.651581325
0.40518466,0.551063377,0.514598699,0.738967564,0.430138202,0.447789158,0.341589198,0.651581325
0.427777366,0.552313231,0.525750884,0.738283792,0.430138202,0.447789158,0.341589198,0.651581325
0.554215081,0.543536005,0.44401135,0.758135528,0.430138202,0.447789158,0.341589198,0.651581325
0.555975704,0.542862826,0.520744405,0.771882749,0.430138202,0.447789158,0.341589198,0.651581325
0.561627117,0.528069352,0.60023373,0.420308839,0.430138202,0.447789158,0.341589198,0.651581325
0.570001848,0.557759866,0.602679302,0.426791134,0.430138202,0.447789158,0.341589198,0.651581325
0.607113892,0.49019882,0.364185244,0.29737565,0.246971471,0.324180365,0.580957116,0.843572896
0.358246682,0.475029009,0.390220039,0.499272005,0.246971471,0.324180365,0.580957116,0.843572896
0.601811992,0.569947189,0.524045672,0.169888453,0.246971471,0.324180365,0.580957116,0.843572896
0.352070717,0.464029128,0.325856127,0.459018139,0.246971471,0.324180365,0.580957116,0.843572896
0.361767341,0.493517953,0.323722267,0.411750427,0.246971471,0.324180365,0.580957116,0.843572896
0.302111001,0.484695907,0.304711775,0.418215356,0.246971471,0.324180365,0.580957116,0.843572896
0.328099361,0.467217464,0.314537864,0.514231782,0.246971471,0.324180365,0.580957116,0.843572896
0.327210022,0.490451599,0.333435907,0.364842715,0.246971471,0.324180365,0.580957116,0.843572896
0.622653236,0.480699007,0.675962118,0.17509615,0.246971471,0.324180365,0.580957116,0.843572896
0.566826405,0.500460763,0.624346834,0.342906404,0.246971471,0.324180365,0.580957116,0.843572896
0.536230314,0.471632587,0.533966169,0.191244173,0.246971471,0.324180365,0.580957116,0.843572896
0.514488456,0.6555433,0.524787403,0.283003949,0.246971471,0.324180365,0.580957116,0.843572896
0.412356133,0.478076502,0.516984263,0.744311142,0.246971471,0.324180365,0.580957116,0.843572896
0.455861888,0.473364727,0.494259991,0.606587013,0.246971471,0.324180365,0.580957116,0.843572896
0.268548089,0.497804842,0.300461173,0.323362677,0.246971471,0.324180365,0.580957116,0.843572896
0.44206309,0.500800364,0.454370738,0.155202469,0.246971471,0.324180365,0.580957116,0.843572896
0.503277208,0.473179807,0.378618449,0.183126955,0.246971471,0.324180365,0.580957116,0.843572896
0.435997626,0.582819438,0.377578837,0.82912411,0.246971471,0.324180365,0.580957116,0.843572896
0.384292957,0.480090328,0.459598321,0.73144863,0.246971471,0.324180365,0.580957116,0.843572896
0.31520333,0.474423406,0.38996931,0.698979454,0.246971471,0.324180365,0.580957116,0.843572896
0.400992562,0.478573654,0.47000531,0.575153041,0.246971471,0.324180365,0.580957116,0.843572896
0.392095994,0.486230826,0.426846537,0.645682462,0.246971471,0.324180365,0.580957116,0.843572896
0.392992611,0.465233774,0.359408071,0.551371628,0.246971471,0.324180365,0.580957116,0.843572896
0.349653838,0.476994657,0.329584873,0.19193178,0.246971471,0.324180365,0.580957116,0.843572896
0.3927683,0.491084618,0.443534089,0.443585429,0.51002159,0.327962701,0.207608468,0.760742748
0.532995949,0.492294876,0.393074972,0.378525183,0.51002159,0.327962701,0.207608468,0.760742748
0.34874381,0.585765372,0.583359916,0.241238981,0.51002159,0.327962701,0.207608468,0.760742748
0.432847816,0.529852565,0.432425458,0.722240058,0.51002159,0.327962701,0.207608468,0.760742748
0.325875554,0.491333104,0.392593059,0.759964432,0.51002159,0.327962701,0.207608468,0.760742748
0.504660313,0.476213098,0.441833705,0.744174266,0.51002159,0.327962701,0.207608468,0.760742748
0.484151649,0.479411245,0.394236627,0.435970664,0.51002159,0.327962701,0.207608468,0.760742748
0.42811768,0.484365224,0.348167432,0.748499157,0.51002159,0.327962701,0.207608468,0.760742748
0.65525182,0.47431283,0.514327314,0.223986649,0.51002159,0.327962701,0.207608468,0.760742748
0.600198789,0.50759423,0.534174718,0.22663443,0.51002159,0.327962701,0.207608468,0.760742748
0.580836036,0.443897577,0.611512781,0.224364512,0.51002159,0.327962701,0.207608468,0.760742748
0.517757861,0.613539346,0.343336669,0.224420644,0.51002159,0.327962701,0.207608468,0.760742748
0.586202789,0.511173662,0.509426729,0.74771913,0.51002159,0.327962701,0.207608468,0.760742748
0.561959988,0.496345268,0.544416728,0.707424328,0.51002159,0.327962701,0.207608468,0.760742748
0.377732834,0.494744826,0.391512863,0.40091358,0.51002159,0.327962701,0.207608468,0.760742748
0.410190054,0.500756411,0.411204193,0.219179845,0.51002159,0.327962701,0.207608468,0.760742748
0.441765251,0.502997578,0.363535239,0.307608057,0.51002159,0.327962701,0.207608468,0.760742748
0.409529136,0.528697755,0.543232483,0.792082807,0.51002159,0.327962701,0.207608468,0.760742748
0.675755008,0.504197568,0.535924389,0.772062216,0.51002159,0.327962701,0.207608468,0.760742748
0.37549064,0.49103054,0.511266075,0.748249987,0.51002159,0.327962701,0.207608468,0.760742748
0.416092456,0.465144854,0.52193455,0.687746689,0.51002159,0.327962701,0.207608468,0.760742748
0.356713849,0.513909064,0.411282914,0.77050353,0.51002159,0.327962701,0.207608468,0.760742748
0.255577248,0.493332631,0.368574785,0.784303753,0.51002159,0.327962701,0.207608468,0.760742748
0.353589632,0.511156549,0.327888771,0.25621455,0.51002159,0.327962701,0.207608468,0.760742748
0.411741311,0.602873613,0.560258561,0.296531641,0.380774312,0.453323215,0.433391696,0.762737201
0.435403133,0.553611674,0.453112929,0.48465593,0.380774312,0.453323215,0.433391696,0.762737201
0.596299869,0.618864543,0.731495915,0.294712204,0.380774312,0.453323215,0.433391696,0.762737201
0.553204815,0.386058908,0.505931456,0.532528149,0.380774312,0.453323215,0.433391696,0.762737201
0.583938669,0.531924717,0.601237034,0.46690042,0.380774312,0.453323215,0.433391696,0.762737201
0.443723171,0.364664524,0.382529749,0.505757741,0.380774312,0.453323215,0.433391696,0.762737201
0.589982126,0.317231164,0.581022085,0.610315933,0.380774312,0.453323215,0.433391696,0.762737201
0.423828223,0.410790449,0.4874628,0.426744808,0.380774312,0.453323215,0.433391696,0.762737201
0.710110675,0.660519591,0.748263992,0.32301862,0.380774312,0.453323215,0.433391696,0.762737201
0.691715162,0.588153546,0.746718842,0.35541191,0.380774312,0.453323215,0.433391696,0.762737201
0.554269962,0.46686842,0.523705251,0.328723788,0.380774312,0.453323215,0.433391696,0.762737201
0.573323764,0.546937357,0.589579838,0.300700803,0.380774312,0.453323215,0.433391696,0.762737201
0.477250182,0.437752858,0.613607376,0.736711939,0.380774312,0.453323215,0.433391696,0.762737201
0.469451289,0.43223969,0.467412422,0.582548949,0.380774312,0.453323215,0.433391696,0.762737201
0.437506,0.589940983,0.265390928,0.573598051,0.380774312,0.453323215,0.433391696,0.762737201
0.514653781,0.326620922,0.32939122,0.296732785,0.380774312,0.453323215,0.433391696,0.762737201
0.327791213,0.506580602,0.397185816,0.243484542,0.380774312,0.453323215,0.433391696,0.762737201
0.304540821,0.659495586,0.490233098,0.623527422,0.380774312,0.453323215,0.433391696,0.762737201
0.52584469,0.530096138,0.405441853,0.719143859,0.380774312,0.453323215,0.433391696,0.762737201
0.573012905,0.6344349,0.512843487,0.670503637,0.380774312,0.453323215,0.433391696,0.762737201
0.499714284,0.353473616,0.630823455,0.547943076,0.380774312,0.453323215,0.433391696,0.762737201
0.395393808,0.408760726,0.510493762,0.671308212,0.380774312,0.453323215,0.433391696,0.762737201
0.439974583,0.609054213,0.507851464,0.542338479,0.380774312,0.453323215,0.433391696,0.762737201
0.666361903,0.471938157,0.609931931,0.280988713,0.380774312,0.453323215,0.433391696,0.762737201
0.507402136,0.514078809,0.48799349,0.452184069,0.509074293,0.413435232,0.449133203,0.616531302
0.523557764,0.503544709,0.55896809,0.609592867,0.509074293,0.413435232,0.449133203,0.616531302
0.525083073,0.50252033,0.520399059,0.441010113,0.509074293,0.413435232,0.449133203,0.616531302
0.429114294,0.510112224,0.492983358,0.575234995,0.509074293,0.413435232,0.449133203,0.616531302
0.519562756,0.496928071,0.466472265,0.51069912,0.509074293,0.413435232,0.449133203,0.616531302
0.461553741,0.495220491,0.465370613,0.486248344,0.509074293,0.413435232,0.449133203,0.616531302
0.524716636,0.513288441,0.528606945,0.554664612,0.509074293,0.413435232,0.449133203,0.616531302
0.48297901,0.503154059,0.499406689,0.484578129,0.509074293,0.413435232,0.449133203,0.616531302
0.448464898,0.487699892,0.533552422,0.42703639,0.509074293,0.413435232,0.449133203,0.616531302
0.531790436,0.500162032,0.503024075,0.415671718,0.509074293,0.413435232,0.449133203,0.616531302
0.517152892,0.48522267,0.537294561,0.441787901,0.509074293,0.413435232,0.449133203,0.616531302
0.528770658,0.508283776,0.558474559,0.410275406,0.509074293,0.413435232,0.449133203,0.616531302
0.484484365,0.495231402,0.472692374,0.610841443,0.509074293,0.413435232,0.449133203,0.616531302
0.500145989,0.495177943,0.521561593,0.499097148,0.509074293,0.413435232,0.449133203,0.616531302
0.479493999,0.503645897,0.481760826,0.47784182,0.509074293,0.413435232,0.449133203,0.616531302
0.459177208,0.482978363,0.481159132,0.386412971,0.509074293,0.413435232,0.449133203,0.616531302
0.499846413,0.452477219,0.547195679,0.388599934,0.509074293,0.413435232,0.449133203,0.616531302
0.552918868,0.487841086,0.566565314,0.651783021,0.509074293,0.413435232,0.449133203,0.616531302
0.482693782,0.483617223,0.565186107,0.592826253,0.509074293,0.413435232,0.449133203,0.616531302
0.568991818,0.491999882,0.527696059,0.560335988,0.509074293,0.413435232,0.449133203,0.616531302
0.545286819,0.492681938,0.524883737,0.487051765,0.509074293,0.413435232,0.449133203,0.616531302
0.519580019,0.494888082,0.513706991,0.577737925,0.509074293,0.413435232,0.449133203,0.616531302
0.555229887,0.502962596,0.513090799,0.576954931,0.509074293,0.413435232,0.449133203,0.616531302
0.492607256,0.504199214,0.475472561,0.362612515,0.509074293,0.413435232,0.449133203,0.616531302
0.334653583,0.402195687,0.207026244,0.137001087,0.191194938,0.120644719,0.163028843,0.959765903
0.231322241,0.351359039,0.251503143,0.622851523,0.191194938,0.120644719,0.163028843,0.959765903
0.565701405,0.38327643,0.571954599,0.05633696,0.191194938,0.120644719,0.163028843,0.959765903
0.162949007,0.355538782,0.151833082,0.237655431,0.191194938,0.120644719,0.163028843,0.959765903
0.182580752,0.336874859,0.141866362,0.181676942,0.191194938,0.120644719,0.163028843,0.959765903
0.130494546,0.322082545,0.138300106,0.191108819,0.191194938,0.120644719,0.163028843,0.959765903
0.137745065,0.331836552,0.144874238,0.74022834,0.191194938,0.120644719,0.163028843,0.959765903
0.143855444,0.325424479,0.146067973,0.158068464,0.191194938,0.120644719,0.163028843,0.959765903
0.533127825,0.396337621,0.644685142,0.065259917,0.191194938,0.120644719,0.163028843,0.959765903
0.544583613,0.350832784,0.549003582,0.21738022,0.191194938,0.120644719,0.163028843,0.959765903
0.244909608,0.348932127,0.300806034,0.072847754,0.191194938,0.120644719,0.163028843,0.959765903
0.469755763,0.356953977,0.640194799,0.098301225,0.191194938,0.120644719,0.163028843,0.959765903
0.417431398,0.369385222,0.541441032,0.812981943,0.191194938,0.120644719,0.163028843,0.959765903
0.297020147,0.313785321,0.26589683,0.578207555,0.191194938,0.120644719,0.163028843,0.959765903
0.202712193,0.336954855,0.158042462,0.165838559,0.191194938,0.120644719,0.163028843,0.959765903
0.284810362,0.321815441,0.238867774,0.054616174,0.191194938,0.120644719,0.163028843,0.959765903
0.311599987,0.379181771,0.193784624,0.056481207,0.191194938,0.120644719,0.163028843,0.959765903
0.253788114,0.351761881,0.185974135,0.903881008,0.191194938,0.120644719,0.163028843,0.959765903
0.240567408,0.290504381,0.284819427,0.873191386,0.191194938,0.120644719,0.163028843,0.959765903
0.283043456,0.382838918,0.222739942,0.887125296,0.191194938,0.120644719,0.163028843,0.959765903
0.246917933,0.34790387,0.376923757,0.468320847,0.191194938,0.120644719,0.163028843,0.959765903
0.194887072,0.333320372,0.256484038,0.868222737,0.191194938,0.120644719,0.163028843,0.959765903
0.223379273,0.402519329,0.202022607,0.623525683,0.191194938,0.120644719,0.163028843,0.959765903
0.281207527,0.366403587,0.199195,0.053716181,0.191194938,0.120644719,0.163028843,0.959765903
0.428595049,0.48206731,0.415464283,0.425501768,0.496109924,0.505773936,0.374259795,0.655528188
0.445099755,0.486927025,0.465940035,0.582344449,0.496109924,0.505773936,0.374259795,0.655528188
0.554470961,0.47670986,0.457518735,0.378496286,0.496109924,0.505773936,0.374259795,0.655528188
0.402560182,0.482804125,0.358130775,0.471032784,0.496109924,0.505773936,0.374259795,0.655528188
0.370684589,0.485383175,0.372634046,0.476383988,0.496109924,0.505773936,0.374259795,0.655528188
0.364876809,0.475423335,0.339207842,0.474832172,0.496109924,0.505773936,0.374259795,0.655528188
0.380546918,0.496691351,0.350506699,0.565028553,0.496109924,0.505773936,0.374259795,0.655528188
0.369471996,0.486498724,0.3575373,0.49049692,0.496109924,0.505773936,0.374259795,0.655528188
0.525133333,0.484382937,0.576118547,0.392561348,0.496109924,0.505773936,0.374259795,0.655528188
0.549768945,0.474598991,0.59030996,0.392871632,0.496109924,0.505773936,0.374259795,0.655528188
0.445585146,0.480774539,0.478139899,0.418354798,0.496109924,0.505773936,0.374259795,0.655528188
0.521682389,0.483022504,0.593703765,0.411869506,0.496109924,0.505773936,0.374259795,0.655528188
0.464235978,0.491114342,0.500607624,0.634967188,0.496109924,0.505773936,0.374259795,0.655528188
0.448037205,0.484546144,0.476497628,0.479477343,0.496109924,0.505773936,0.374259795,0.655528188
0.39300504,0.490958905,0.381617104,0.491328763,0.496109924,0.505773936,0.374259795,0.655528188
0.474182492,0.480531819,0.426095464,0.346058836,0.496109924,0.505773936,0.374259795,0.655528188
0.456497353,0.485664201,0.428774336,0.355549414,0.496109924,0.505773936,0.374259795,0.655528188
0.511798374,0.495289366,0.441462934,0.632037925,0.496109924,0.505773936,0.374259795,0.655528188
0.463151531,0.483765761,0.460001577,0.593333391,0.496109924,0.505773936,0.374259795,0.655528188
0.467484771,0.497802278,0.476271184,0.547671992,0.496109924,0.505773936,0.374259795,0.655528188
0.461993102,0.477803085,0.456250109,0.463887289,0.496109924,0.505773936,0.374259795,0.655528188
0.415527692,0.486108188,0.508834984,0.553775451,0.496109924,0.505773936,0.374259795,0.655528188
0.472650148,0.486667782,0.461975965,0.554305541,0.496109924,0.505773936,0.374259795,0.655528188
0.405801722,0.484747165,0.385016466,0.360913772,0.496109924,0.505773936,0.374259795,0.655528188
0.569377724,0.626803574,0.345532343,0.171547066,0.239668847,0.251299632,0.13772498,0.894952048
0.326897559,0.616739178,0.459079967,0.653858151,0.239668847,0.251299632,0.13772498,0.894952048
0.539989159,0.665662023,0.590469137,0.139908836,0.239668847,0.251299632,0.13772498,0.894952048
0.2500423,0.617235391,0.249850979,0.257180696,0.239668847,0.251299632,0.13772498,0.894952048
0.267307014,0.619353251,0.253431376,0.22947931,0.239668847,0.251299632,0.13772498,0.894952048
0.232337557,0.626047777,0.263544644,0.21903542,0.239668847,0.251299632,0.13772498,0.894952048
0.340613438,0.61834472,0.311858538,0.689926108,0.239668847,0.251299632,0.13772498,0.894952048
0.350470778,0.615054497,0.262166243,0.218932586,0.239668847,0.251299632,0.13772498,0.894952048
0.517750838,0.598178812,0.674511294,0.156020718,0.239668847,0.251299632,0.13772498,0.894952048
0.44335878,0.655139641,0.570823786,0.461364389,0.239668847,0.251299632,0.13772498,0.894952048
0.39064626,0.517547669,0.402122007,0.150961863,0.239668847,0.251299632,0.13772498,0.894952048
0.490453847,0.651124861,0.605563787,0.174767638,0.239668847,0.251299632,0.13772498,0.894952048
0.396912742,0.516216474,0.561699335,0.783524599,0.239668847,0.251299632,0.13772498,0.894952048
0.424149755,0.627411321,0.42553843,0.620066795,0.239668847,0.251299632,0.13772498,0.894952048
0.270190806,0.608860767,0.282321507,0.268836287,0.239668847,0.251299632,0.13772498,0.894952048
0.427581779,0.588098866,0.424394853,0.133979641,0.239668847,0.251299632,0.13772498,0.894952048
0.408852955,0.579160368,0.390125333,0.110890325,0.239668847,0.251299632,0.13772498,0.894952048
0.51411583,0.593398284,0.338752616,0.818382984,0.239668847,0.251299632,0.13772498,0.894952048
0.401391248,0.614102705,0.510089479,0.8226337,0.239668847,0.251299632,0.13772498,0.894952048
0.607096947,0.621706677,0.499752773,0.764181733,0.239668847,0.251299632,0.13772498,0.894952048
0.39164461,0.610450481,0.418576916,0.578407394,0.239668847,0.251299632,0.13772498,0.894952048
0.426455419,0.61479135,0.454913388,0.804143355,0.239668847,0.251299632,0.13772498,0.894952048
0.462263653,0.623321197,0.374385958,0.336181676,0.239668847,0.251299632,0.13772498,0.894952048
0.288455444,0.614755252,0.292893315,0.140793661,0.239668847,0.251299632,0.13772498,0.894952048
0.474689248,0.423539734,0.459331293,0.477950605,0.398643847,0.473846615,0.408457694,0.573524449
0.518059542,0.439208342,0.472156386,0.567099,0.398643847,0.473846615,0.408457694,0.573524449
0.493594401,0.444136108,0.481017432,0.43318287,0.398643847,0.473846615,0.408457694,0.573524449
0.451228517,0.444219478,0.437543918,0.42535601,0.398643847,0.473846615,0.408457694,0.573524449
0.483859954,0.434800646,0.444374308,0.463868013,0.398643847,0.473846615,0.408457694,0.573524449
0.428399017,0.439443564,0.43330594,0.45919135,0.398643847,0.473846615,0.408457694,0.573524449
0.414079217,0.429552303,0.415091568,0.572545844,0.398643847,0.473846615,0.408457694,0.573524449
0.420806387,0.438347844,0.397482621,0.442041931,0.398643847,0.473846615,0.408457694,0.573524449
0.496538158,0.427342996,0.505272164,0.558861244,0.398643847,0.473846615,0.408457694,0.573524449
0.460814089,0.429909603,0.573546284,0.586335648,0.398643847,0.473846615,0.408457694,0.573524449
0.419281906,0.429323035,0.363199663,0.466646023,0.398643847,0.473846615,0.408457694,0.573524449
0.516991611,0.456027258,0.571065033,0.432676695,0.398643847,0.473846615,0.408457694,0.573524449
0.412630166,0.401516144,0.434431436,0.468862277,0.398643847,0.473846615,0.408457694,0.573524449
0.374573721,0.427063111,0.426459671,0.478862713,0.398643847,0.473846615,0.408457694,0.573524449
0.376233182,0.433905411,0.386632604,0.562092827,0.398643847,0.473846615,0.408457694,0.573524449
0.466346287,0.404199866,0.385177598,0.431082739,0.398643847,0.473846615,0.408457694,0.573524449
0.433915336,0.422257423,0.473267987,0.580636709,0.398643847,0.473846615,0.408457694,0.573524449
0.567220085,0.449886656,0.545017845,0.44826491,0.398643847,0.473846615,0.408457694,0.573524449
0.542929624,0.45583769,0.614330122,0.43236108,0.398643847,0.473846615,0.408457694,0.573524449
0.428381152,0.446065529,0.445376733,0.60424433,0.398643847,0.473846615,0.408457694,0.573524449
0.557064818,0.439935845,0.562414397,0.575829036,0.398643847,0.473846615,0.408457694,0.573524449
0.437990543,0.443868132,0.446073469,0.583741251,0.398643847,0.473846615,0.408457694,0.573524449
0.455720575,0.43976712,0.49296317,0.436368797,0.398643847,0.473846615,0.408457694,0.573524449
0.459458333,0.406865723,0.4408946,0.597221395,0.398643847,0.473846615,0.408457694,0.573524449
0.475991409,0.452719253,0.419251138,0.583026651,0.398643847,0.473846615,0.408457694,0.573524449
0.491768199,0.419776171,0.468974429,0.429349833,0.398643847,0.473846615,0.408457694,0.573524449
0.482093303,0.437196543,0.458598827,0.444636328,0.398643847,0.473846615,0.408457694,0.573524449
0.436098837,0.434691471,0.386680244,0.443278587,0.398643847,0.473846615,0.408457694,0.573524449
0.421501137,0.439364164,0.460953039,0.4670063,0.398643847,0.473846615,0.408457694,0.573524449
0.507677413,0.552571575,0.369648781,0.548915125,0.39102152,0.519949302,0.311321634,0.699767973
0.389321623,0.604227603,0.382541921,0.710554616,0.39102152,0.519949302,0.311321634,0.699767973
0.426214251,0.598660052,0.346288106,0.664930342,0.39102152,0.519949302,0.311321634,0.699767973
0.40026922,0.604483913,0.371351592,0.744894197,0.39102152,0.519949302,0.311321634,0.699767973
0.45734335,0.604435216,0.416401933,0.636296818,0.39102152,0.519949302,0.311321634,0.699767973
0.41709337,0.606070423,0.439142033,0.710164492,0.39102152,0.519949302,0.311321634,0.699767973
0.465646219,0.604048226,0.448579276,0.692155549,0.39102152,0.519949302,0.311321634,0.699767973
0.488882643,0.604282973,0.437685927,0.741729658,0.39102152,0.519949302,0.311321634,0.699767973
0.383214227,0.455486779,0.381902239,0.695858125,0.39102152,0.519949302,0.311321634,0.699767973
0.39670135,0.594216345,0.364152244,0.468184012,0.39102152,0.519949302,0.311321634,0.699767973
0.529295492,0.513402344,0.368722126,0.661759054,0.39102152,0.519949302,0.311321634,0.699767973
0.542734192,0.605438224,0.38641897,0.356718389,0.39102152,0.519949302,0.311321634,0.699767973
0.398443291,0.452317972,0.422603223,0.679980377,0.39102152,0.519949302,0.311321634,0.699767973
0.427589696,0.51291025,0.386230636,0.444884165,0.39102152,0.519949302,0.311321634,0.699767973
0.512917172,0.603973376,0.348849268,0.710780268,0.39102152,0.519949302,0.311321634,0.699767973
0.453977695,0.453923952,0.391471564,0.43589982,0.39102152,0.519949302,0.311321634,0.699767973
0.531444046,0.608500261,0.461156046,0.693430521,0.39102152,0.519949302,0.311321634,0.699767973
0.491818343,0.529364546,0.431261833,0.727005889,0.39102152,0.519949302,0.311321634,0.699767973
0.503012016,0.601387165,0.560580499,0.742846651,0.39102152,0.519949302,0.311321634,0.699767973
0.417702681,0.606354976,0.377853661,0.61620054,0.39102152,0.519949302,0.311321634,0.699767973
0.544610745,0.60366348,0.572786225,0.693946677,0.39102152,0.519949302,0.311321634,0.699767973
0.416850763,0.604738366,0.385158238,0.672007919,0.39102152,0.519949302,0.311321634,0.699767973
0.448675927,0.605001747,0.426947946,0.369810315,0.39102152,0.519949302,0.311321634,0.699767973
0.467671616,0.526397922,0.415981508,0.433737733,0.39102152,0.519949302,0.311321634,0.699767973
0.388266812,0.520289393,0.377613216,0.703382703,0.39102152,0.519949302,0.311321634,0.699767973
0.432586095,0.530617603,0.377496758,0.373202775,0.39102152,0.519949302,0.311321634,0.699767973
0.410089845,0.605025737,0.38012529,0.691888157,0.39102152,0.519949302,0.311321634,0.699767973
0.533252249,0.605077117,0.397051739,0.675155845,0.39102152,0.519949302,0.311321634,0.699767973
0.400001537,0.512096779,0.380427408,0.446033861,0.39102152,0.519949302,0.311321634,0.699767973
0.405433319,0.513551782,0.377894526,0.526989292,0.39102152,0.519949302,0.311321634,0.699767973
0.450016514,0.604012153,0.382263015,0.312819393,0.39102152,0.519949302,0.311321634,0.699767973
0.409854097,0.522020757,0.355160281,0.641412616,0.39102152,0.519949302,0.311321634,0.699767973
0.440812047,0.521799224,0.403708131,0.629469391,0.39102152,0.519949302,0.311321634,0.699767973
0.379621987,0.441157354,0.413843265,0.430997751,0.367979325,0.352988816,0.397782375,0.622384657
0.477230522,0.38917547,0.409737124,0.618786625,0.367979325,0.352988816,0.397782375,0.622384657
0.452315121,0.39527278,0.465649761,0.35701758,0.367979325,0.352988816,0.397782375,0.622384657
0.490405249,0.470952666,0.482440574,0.355222433,0.367979325,0.352988816,0.397782375,0.622384657
0.430685664,0.467780208,0.458030703,0.419177121,0.367979325,0.352988816,0.397782375,0.622384657
0.498715541,0.407219792,0.466371946,0.410443835,0.367979325,0.352988816,0.397782375,0.622384657
0.488537884,0.454182486,0.470999092,0.597536316,0.367979325,0.352988816,0.397782375,0.622384657
0.472912884,0.384692762,0.439867737,0.395582288,0.367979325,0.352988816,0.397782375,0.622384657
0.417768859,0.430484483,0.466052121,0.598145015,0.367979325,0.352988816,0.397782375,0.622384657
0.426796179,0.396464386,0.454213437,0.637462859,0.367979325,0.352988816,0.397782375,0.622384657
0.483240137,0.493309467,0.397733369,0.630715583,0.367979325,0.352988816,0.397782375,0.622384657
0.496750165,0.345519355,0.519359731,0.356316028,0.367979325,0.352988816,0.397782375,0.622384657
0.456715294,0.458660036,0.494232833,0.391476147,0.367979325,0.352988816,0.397782375,0.622384657
0.415901494,0.451051296,0.458959227,0.370408963,0.367979325,0.352988816,0.397782375,0.622384657
0.343492077,0.469472186,0.363847392,0.614621162,0.367979325,0.352988816,0.397782375,0.622384657
0.301342233,0.43568164,0.368139237,0.365719916,0.367979325,0.352988816,0.397782375,0.622384657
0.459408014,0.445867035,0.415689997,0.635894685,0.367979325,0.352988816,0.397782375,0.622384657
0.445732915,0.468012339,0.381133419,0.369201882,0.367979325,0.352988816,0.397782375,0.622384657
0.530538131,0.386420848,0.500386885,0.351400008,0.367979325,0.352988816,0.397782375,0.622384657
0.46875,0.407183683,0.453795601,0.634728871,0.367979325,0.352988816,0.397782375,0.622384657
0.498576263,0.457814048,0.393157808,0.616746451,0.367979325,0.352988816,0.397782375,0.622384657
0.441833113,0.457767621,0.463890723,0.615384615,0.367979325,0.352988816,0.397782375,0.622384657
0.428281817,0.493753095,0.395623556,0.516893983,0.367979325,0.352988816,0.397782375,0.622384657
0.345060251,0.364094998,0.29057651,0.633387669,0.367979325,0.352988816,0.397782375,0.622384657
0.461708691,0.478468554,0.315084393,0.368969751,0.367979325,0.352988816,0.397782375,0.622384657
0.451763164,0.433074034,0.458531075,0.525506046,0.367979325,0.352988816,0.397782375,0.622384657
0.45093781,0.468523027,0.426177162,0.36981574,0.367979325,0.352988816,0.397782375,0.622384657
0.444097681,0.489667588,0.467640929,0.358575437,0.367979325,0.352988816,0.397782375,0.622384657
0.326396913,0.476286522,0.3807259,0.634096959,0.367979325,0.352988816,0.397782375,0.622384657
0.460408757,0.424933972,0.461873762,0.636338313,0.367979325,0.352988816,0.397782375,0.622384657
0.3976302,0.469665628,0.329399142,0.619730625,0.367979325,0.352988816,0.397782375,0.622384657
0.445493046,0.420409995,0.476206566,0.464886307,0.367979325,0.352988816,0.397782375,0.622384657
0.396172302,0.473419195,0.407925882,0.507880835,0.565118302,0.527703995,0.473961846,0.534342061
0.454326732,0.475298639,0.27591155,0.532799294,0.565118302,0.527703995,0.473961846,0.534342061
0.423417244,0.486665574,0.464419938,0.528165401,0.565118302,0.527703995,0.473961846,0.534342061
0.380567782,0.476067352,0.491479885,0.54648521,0.565118302,0.527703995,0.473961846,0.534342061
0.454142882,0.475885028,0.447090327,0.571596165,0.565118302,0.527703995,0.473961846,0.534342061
0.501319565,0.474024656,0.525541529,0.571261777,0.565118302,0.527703995,0.473961846,0.534342061
0.505880477,0.475953685,0.511479648,0.552343882,0.565118302,0.527703995,0.473961846,0.534342061
0.544980841,0.478321871,0.476035439,0.532561662,0.565118302,0.527703995,0.473961846,0.534342061
0.486487827,0.476857934,0.572769578,0.528034951,0.565118302,0.527703995,0.473961846,0.534342061
0.53266147,0.47880273,0.398188044,0.513850249,0.565118302,0.527703995,0.473961846,0.534342061
0.477796257,0.479037947,0.620648859,0.564851808,0.565118302,0.527703995,0.473961846,0.534342061
0.697563907,0.500864516,0.37035646,0.499243429,0.565118302,0.527703995,0.473961846,0.534342061
0.630154151,0.487252217,0.473329813,0.555014289,0.565118302,0.527703995,0.473961846,0.534342061
0.402981249,0.490247477,0.483920533,0.536241975,0.565118302,0.527703995,0.473961846,0.534342061
0.594337791,0.483642342,0.510637827,0.51493072,0.565118302,0.527703995,0.473961846,0.534342061
0.442855539,0.473475902,0.497592718,0.624502596,0.565118302,0.527703995,0.473961846,0.534342061
0.366521032,0.421172134,0.421036852,0.527891024,0.565118302,0.527703995,0.473961846,0.534342061
0.518749111,0.475731438,0.573303329,0.595236191,0.565118302,0.527703995,0.473961846,0.534342061
0.528568702,0.490127707,0.607666813,0.592688478,0.565118302,0.527703995,0.473961846,0.534342061
0.479356061,0.47819549,0.385415786,0.497572247,0.565118302,0.527703995,0.473961846,0.534342061
0.46120955,0.476531682,0.413253855,0.515101093,0.565118302,0.527703995,0.473961846,0.534342061
0.388549506,0.477528238,0.471819341,0.518454899,0.565118302,0.527703995,0.473961846,0.534342061
0.431561712,0.476459846,0.497783688,0.41990883,0.565118302,0.527703995,0.473961846,0.534342061
0.422309056,0.474874995,0.522992799,0.450260919,0.565118302,0.527703995,0.473961846,0.534342061
0.541103201,0.474167057,0.41093818,0.569470444,0.565118302,0.527703995,0.473961846,0.534342061
0.385652655,0.473276031,0.3105873,0.536838153,0.565118302,0.527703995,0.473961846,0.534342061
0.56361673,0.476019292,0.366947219,0.459582868,0.565118302,0.527703995,0.473961846,0.534342061
0.46362605,0.476179239,0.371020915,0.544924771,0.565118302,0.527703995,0.473961846,0.534342061
0.350157462,0.488975273,0.377186513,0.469853313,0.565118302,0.527703995,0.473961846,0.534342061
0.488301028,0.486611919,0.509649918,0.561625781,0.565118302,0.527703995,0.473961846,0.534342061
0.522607425,0.472448069,0.41927044,0.428725255,0.565118302,0.527703995,0.473961846,0.534342061
0.490123893,0.477402111,0.533336987,0.478102293,0.565118302,0.527703995,0.473961846,0.534342061
0.622663883,0.572496845,0.547369407,0.512474417,0.403652292,0.408820076,0.31397,0.723284896
0.527740609,0.591288257,0.606987782,0.708059695,0.403652292,0.408820076,0.31397,0.723284896
0.503479837,0.610425164,0.362699428,0.620087311,0.403652292,0.408820076,0.31397,0.723284896
0.518482516,0.60424139,0.503848755,0.612328314,0.403652292,0.408820076,0.31397,0.723284896
0.554179757,0.59286348,0.464705348,0.463554675,0.403652292,0.408820076,0.31397,0.723284896
0.413088988,0.604616164,0.471249257,0.554876603,0.403652292,0.408820076,0.31397,0.723284896
0.473401281,0.57979323,0.485110046,0.714050226,0.403652292,0.408820076,0.31397,0.723284896
0.508574423,0.590778798,0.505122402,0.547035624,0.403652292,0.408820076,0.31397,0.723284896
0.491036163,0.61347606,0.341413426,0.692055666,0.403652292,0.408820076,0.31397,0.723284896
0.467044759,0.614061644,0.364643569,0.674564252,0.403652292,0.408820076,0.31397,0.723284896
0.393155686,0.615086418,0.311191401,0.706677715,0.403652292,0.408820076,0.31397,0.723284896
0.53030547,0.622265686,0.500751012,0.617651278,0.403652292,0.408820076,0.31397,0.723284896
0.389173711,0.615022003,0.301236462,0.503702359,0.403652292,0.408820076,0.31397,0.723284896
0.350940888,0.612688448,0.342297659,0.457845224,0.403652292,0.408820076,0.31397,0.723284896
0.523372148,0.557183806,0.476261862,0.721001116,0.403652292,0.408820076,0.31397,0.723284896
0.437150662,0.589308981,0.359156641,0.40777188,0.403652292,0.408820076,0.31397,0.723284896
0.54894463,0.612872908,0.579828365,0.707081768,0.403652292,0.408820076,0.31397,0.723284896
0.56558109,0.596851311,0.60545355,0.612269755,0.403652292,0.408820076,0.31397,0.723284896
0.539809509,0.615349931,0.598479237,0.606109405,0.403652292,0.408820076,0.31397,0.723284896
0.493290664,0.577755395,0.54109194,0.675407494,0.403652292,0.408820076,0.31397,0.723284896
0.646702134,0.581883767,0.672368309,0.669042188,0.403652292,0.408820076,0.31397,0.723284896
0.452633521,0.58179593,0.485596081,0.670207502,0.403652292,0.408820076,0.31397,0.723284896
0.570904055,0.561739655,0.59400537,0.522200979,0.403652292,0.408820076,0.31397,0.723284896
0.55712232,0.613124709,0.609412102,0.682065591,0.403652292,0.408820076,0.31397,0.723284896
0.466318634,0.577690981,0.463566386,0.50222083,0.403652292,0.408820076,0.31397,0.723284896
0.562612176,0.562093934,0.595756268,0.602531482,0.403652292,0.408820076,0.31397,0.723284896
0.55008652,0.630768375,0.578428818,0.32888777,0.403652292,0.408820076,0.31397,0.723284896
0.549477512,0.601395448,0.521615394,0.330609389,0.403652292,0.408820076,0.31397,0.723284896
0.403444409,0.563742354,0.341899461,0.681556133,0.403652292,0.408820076,0.31397,0.723284896
0.461956028,0.629951484,0.513991082,0.676853888,0.403652292,0.408820076,0.31397,0.723284896
0.639660478,0.543633377,0.56658244,0.663853908,0.403652292,0.408820076,0.31397,0.723284896
0.588146595,0.56184506,0.564102489,0.54472842,0.403652292,0.408820076,0.31397,0.723284896
0.488257035,0.5222637,0.571775578,0.501918886,0.542257103,0.530302984,0.557491053,0.442431883
0.543804542,0.515605397,0.556424491,0.474595184,0.542257103,0.530302984,0.557491053,0.442431883
0.447903405,0.533280725,0.556917699,0.573699088,0.542257103,0.530302984,0.557491053,0.442431883
0.575690414,0.527312912,0.5809739,0.553366604,0.542257103,0.530302984,0.557491053,0.442431883
0.586590302,0.504446575,0.59070242,0.55339743,0.542257103,0.530302984,0.557491053,0.442431883
0.573896371,0.515469765,0.562016233,0.53749765,0.542257103,0.530302984,0.557491053,0.442431883
0.5634527,0.528755545,0.566566073,0.510815118,0.542257103,0.530302984,0.557491053,0.442431883
0.568273804,0.520734756,0.55696702,0.51614176,0.542257103,0.530302984,0.557491053,0.442431883
0.58779866,0.530703715,0.468473245,0.477326322,0.542257103,0.530302984,0.557491053,0.442431883
0.601953719,0.52778146,0.499206244,0.519976449,0.542257103,0.530302984,0.557491053,0.442431883
0.623247957,0.509366321,0.595369397,0.48370103,0.542257103,0.530302984,0.557491053,0.442431883
0.506900283,0.537164734,0.510112297,0.547657726,0.542257103,0.530302984,0.557491053,0.442431883
0.536085843,0.485328615,0.611034904,0.534119177,0.542257103,0.530302984,0.557491053,0.442431883
0.502880641,0.516761352,0.542331084,0.527719809,0.542257103,0.530302984,0.557491053,0.442431883
0.526887521,0.519156492,0.551825331,0.482702284,0.542257103,0.530302984,0.557491053,0.442431883
0.505426825,0.528373309,0.489027672,0.546134948,0.542257103,0.530302984,0.557491053,0.442431883
0.556054586,0.502849815,0.546054802,0.503386178,0.542257103,0.530302984,0.557491053,0.442431883
0.550752604,0.525580521,0.458997494,0.534532239,0.542257103,0.530302984,0.557491053,0.442431883
0.560123549,0.532078531,0.433591137,0.544168282,0.542257103,0.530302984,0.557491053,0.442431883
0.52715262,0.517855657,0.543514782,0.563680808,0.542257103,0.530302984,0.557491053,0.442431883
0.512442703,0.521560879,0.535752928,0.484675115,0.542257103,0.530302984,0.557491053,0.442431883
0.601848912,0.527651993,0.573329182,0.507387325,0.542257103,0.530302984,0.557491053,0.442431883
0.614431871,0.529581667,0.556671095,0.504989103,0.542257103,0.530302984,0.557491053,0.442431883
0.597705968,0.513595576,0.570826154,0.527436214,0.542257103,0.530302984,0.557491053,0.442431883
0.560684572,0.518607798,0.5641062,0.505451485,0.542257103,0.530302984,0.557491053,0.442431883
0.654757758,0.519748341,0.617705537,0.489113983,0.542257103,0.530302984,0.557491053,0.442431883
0.592860203,0.504082834,0.566621559,0.528416465,0.542257103,0.530302984,0.557491053,0.442431883
0.567225738,0.537121579,0.633383373,0.486074591,0.542257103,0.530302984,0.557491053,0.442431883
0.544908094,0.52133277,0.580825938,0.508453887,0.542257103,0.530302984,0.557491053,0.442431883
0.60364476,0.622698363,0.450208266,0.50283495,0.458397758,0.55196374,0.450712511,0.533499239
0.594824555,0.622708154,0.591061484,0.576536295,0.458397758,0.55196374,0.450712511,0.533499239
0.465613029,0.60804344,0.46174552,0.564867677,0.458397758,0.55196374,0.450712511,0.533499239
0.511049735,0.620505142,0.481349059,0.55910313,0.458397758,0.55196374,0.450712511,0.533499239
0.475778703,0.621972185,0.491457619,0.529374712,0.458397758,0.55196374,0.450712511,0.533499239
0.513442858,0.616379799,0.508197243,0.540913597,0.458397758,0.55196374,0.450712511,0.533499239
0.50376919,0.615988153,0.485303057,0.601437669,0.458397758,0.55196374,0.450712511,0.533499239
0.508838564,0.621955866,0.501948849,0.544801505,0.458397758,0.55196374,0.450712511,0.533499239
0.487120949,0.606937855,0.514946618,0.569910125,0.458397758,0.55196374,0.450712511,0.533499239
0.482426087,0.605853483,0.48500769,0.544424545,0.458397758,0.55196374,0.450712511,0.533499239
0.404874367,0.588576161,0.392098532,0.52197912,0.458397758,0.55196374,0.450712511,0.533499239
0.510103256,0.557797641,0.544950004,0.566628454,0.458397758,0.55196374,0.450712511,0.533499239
0.421064055,0.595604584,0.450537086,0.562163684,0.458397758,0.55196374,0.450712511,0.533499239
0.529415508,0.595651908,0.519835672,0.549001913,0.458397758,0.55196374,0.450712511,0.533499239
0.56470857,0.606449928,0.530090283,0.575269971,0.458397758,0.55196374,0.450712511,0.533499239
0.43910264,0.625403172,0.408014883,0.479414488,0.458397758,0.55196374,0.450712511,0.533499239
0.546835619,0.624802239,0.513175233,0.598448917,0.458397758,0.55196374,0.450712511,0.533499239
0.553793056,0.630088243,0.462119216,0.544320106,0.458397758,0.55196374,0.450712511,0.533499239
0.460954067,0.568599741,0.478100025,0.547216658,0.458397758,0.55196374,0.450712511,0.533499239
0.50406374,0.608899351,0.44200572,0.566966249,0.458397758,0.55196374,0.450712511,0.533499239
0.580255305,0.618198508,0.600906498,0.592299251,0.458397758,0.55196374,0.450712511,0.533499239
0.500353706,0.621134225,0.521170533,0.572570058,0.458397758,0.55196374,0.450712511,0.533499239
0.539914083,0.623510213,0.594356211,0.489726215,0.458397758,0.55196374,0.450712511,0.533499239
0.464012174,0.620111048,0.470829271,0.580986378,0.458397758,0.55196374,0.450712511,0.533499239
0.549639155,0.605097116,0.508742284,0.559889686,0.458397758,0.55196374,0.450712511,0.533499239
0.474402229,0.599587955,0.543481329,0.445834064,0.458397758,0.55196374,0.450712511,0.533499239
0.501596367,0.621859587,0.534270293,0.481330293,0.458397758,0.55196374,0.450712511,0.533499239
0.48271411,0.517857857,0.466637021,0.49095011,0.458397758,0.55196374,0.450712511,0.533499239
0.485559259,0.611910949,0.505196252,0.490241883,0.458397758,0.55196374,0.450712511,0.533499239
0.472651623,0.086121259,0.636970825,0.655962892,0.620646407,0.428296985,0.662671829,0.494032629
0.547047172,0.119287698,0.535560356,0.360311757,0.620646407,0.428296985,0.662671829,0.494032629
0.720086002,0.136786678,0.54284662,0.325711954,0.620646407,0.428296985,0.662671829,0.494032629
0.479659178,0.120024288,0.607825767,0.113733414,0.620646407,0.428296985,0.662671829,0.494032629
0.480336044,0.119108528,0.575475548,0.241243045,0.620646407,0.428296985,0.662671829,0.494032629
0.569284214,0.118431661,0.488518161,0.138498751,0.620646407,0.428296985,0.662671829,0.494032629
0.536316853,0.118989081,0.467575127,0.279963768,0.620646407,0.428296985,0.662671829,0.494032629
0.54238874,0.119068712,0.561958134,0.151399023,0.620646407,0.428296985,0.662671829,0.494032629
0.429670625,0.114788529,0.493236316,0.238933737,0.620646407,0.428296985,0.662671829,0.494032629
0.29807989,0.124364194,0.583558126,0.341439137,0.620646407,0.428296985,0.662671829,0.494032629
0.354160238,0.146720683,0.541114639,0.355036182,0.620646407,0.428296985,0.662671829,0.494032629
0.458915223,0.102266506,0.426903437,0.372495347,0.620646407,0.428296985,0.662671829,0.494032629
0.636333775,0.147417457,0.5717926,0.514477967,0.620646407,0.428296985,0.662671829,0.494032629
0.357723739,0.14775589,0.505340275,0.602191852,0.620646407,0.428296985,0.662671829,0.494032629
0.449478913,0.150642525,0.571673153,0.385574789,0.620646407,0.428296985,0.662671829,0.494032629
0.434090163,0.147616535,0.578640893,0.602629824,0.620646407,0.428296985,0.662671829,0.494032629
0.420592656,0.121955347,0.463573654,0.418402795,0.620646407,0.428296985,0.662671829,0.494032629
0.39463285,0.149388332,0.471437246,0.110926411,0.620646407,0.428296985,0.662671829,0.494032629
0.493276132,0.102306322,0.476613281,0.077302091,0.620646407,0.428296985,0.662671829,0.494032629
0.404726118,0.119626131,0.54083593,0.446691817,0.620646407,0.428296985,0.662671829,0.494032629
0.411693857,0.120243274,0.360908991,0.390014234,0.620646407,0.428296985,0.662671829,0.494032629
0.468112638,0.118989081,0.618337099,0.353403741,0.620646407,0.428296985,0.662671829,0.494032629
0.583757204,0.127668893,0.329574072,0.302360073,0.620646407,0.428296985,0.662671829,0.494032629
0.533330679,0.146501697,0.484456964,0.699003613,0.620646407,0.428296985,0.662671829,0.494032629
0.464051442,0.154564367,0.478524432,0.319739606,0.620646407,0.428296985,0.662671829,0.494032629
0.395508794,0.146222988,0.375640783,0.687516797,0.620646407,0.428296985,0.662671829,0.494032629
0.623314056,0.11926779,0.483461573,0.530722754,0.620646407,0.428296985,0.662671829,0.494032629
0.310064402,0.119148343,0.434488319,0.459811075,0.620646407,0.428296985,0.662671829,0.494032629
0.499666544,0.158426485,0.612165673,0.30642127,0.620646407,0.428296985,0.662671829,0.494032629
0.471357614,0.182913112,0.471178444,0.711326558,0.620646407,0.428296985,0.662671829,0.494032629
0.570379145,0.119566408,0.579477021,0.629186865,0.620646407,0.428296985,0.662671829,0.494032629
0.417925007,0.153290266,0.498073918,0.556622836,0.620646407,0.428296985,0.662671829,0.494032629
0.68098703,0.146004001,0.406935887,0.664304271,0.620646407,0.428296985,0.662671829,0.494032629
0.598372183,0.564784979,0.404586509,0.517171921,0.467024152,0.474441546,0.404120945,0.652169976
0.552555055,0.566815605,0.546217004,0.593006588,0.467024152,0.474441546,0.404120945,0.652169976
0.452221762,0.555913749,0.45878813,0.574836064,0.467024152,0.474441546,0.404120945,0.652169976
0.442892365,0.565245952,0.451864106,0.567513058,0.467024152,0.474441546,0.404120945,0.652169976
0.532030944,0.561202304,0.452624825,0.552175205,0.467024152,0.474441546,0.404120945,0.652169976
0.449692664,0.563275021,0.442544404,0.572626356,0.467024152,0.474441546,0.404120945,0.652169976
0.459362113,0.568735515,0.50542006,0.611898035,0.467024152,0.474441546,0.404120945,0.652169976
0.447638059,0.56179644,0.455816172,0.568741382,0.467024152,0.474441546,0.404120945,0.652169976
0.614925095,0.555171653,0.616141685,0.570651088,0.467024152,0.474441546,0.404120945,0.652169976
0.584861383,0.559245403,0.52038087,0.587890739,0.467024152,0.474441546,0.404120945,0.652169976
0.385060109,0.560177552,0.507464461,0.604276048,0.467024152,0.474441546,0.404120945,0.652169976
0.547993291,0.570243688,0.556670897,0.578884049,0.467024152,0.474441546,0.404120945,0.652169976
0.460917735,0.560580616,0.515486961,0.543837907,0.467024152,0.474441546,0.404120945,0.652169976
0.489460775,0.557217329,0.512474187,0.505495826,0.467024152,0.474441546,0.404120945,0.652169976
0.473436183,0.559369639,0.441233681,0.593772919,0.467024152,0.474441546,0.404120945,0.652169976
0.488785515,0.567977347,0.497180977,0.443860739,0.467024152,0.474441546,0.404120945,0.652169976
0.470494327,0.563952576,0.47832754,0.628834623,0.467024152,0.474441546,0.404120945,0.652169976
0.556879062,0.566022487,0.557689781,0.541527688,0.467024152,0.474441546,0.404120945,0.652169976
0.512981333,0.557841058,0.619433797,0.556116302,0.467024152,0.474441546,0.404120945,0.652169976
0.550866523,0.555298695,0.502254479,0.668167654,0.467024152,0.474441546,0.404120945,0.652169976
0.579998342,0.558533409,0.569651592,0.627957066,0.467024152,0.474441546,0.404120945,0.652169976
0.508786663,0.561833685,0.556046148,0.626289198,0.467024152,0.474441546,0.404120945,0.652169976
0.425086129,0.57242661,0.534764635,0.371613594,0.467024152,0.474441546,0.404120945,0.652169976
0.621640444,0.551700457,0.520662249,0.657481489,0.467024152,0.474441546,0.404120945,0.652169976
0.50330423,0.557117329,0.479373465,0.635132367,0.467024152,0.474441546,0.404120945,0.652169976
0.61733557,0.564289823,0.546124146,0.378494506,0.467024152,0.474441546,0.404120945,0.652169976
0.510051467,0.554401495,0.515249715,0.354562465,0.467024152,0.474441546,0.404120945,0.652169976
0.549863456,0.549080543,0.447861275,0.602441597,0.467024152,0.474441546,0.404120945,0.652169976
0.399105862,0.571679411,0.552582861,0.451092418,0.467024152,0.474441546,0.404120945,0.652169976
0.705870326,0.869705054,0.555601302,0.544878747,0.471301323,0.633774174,0.401998862,0.657795479
0.435392134,0.867444917,0.691856947,0.683929714,0.471301323,0.633774174,0.401998862,0.657795479
0.633765097,0.868533441,0.620217081,0.819003622,0.471301323,0.633774174,0.401998862,0.657795479
0.580845306,0.871398701,0.573632584,0.863464369,0.471301323,0.633774174,0.401998862,0.657795479
0.585846768,0.870157965,0.493553108,0.714578634,0.471301323,0.633774174,0.401998862,0.657795479
0.510497263,0.87075727,0.564450301,0.810199775,0.471301323,0.633774174,0.401998862,0.657795479
0.551401512,0.867676494,0.536774748,0.691500622,0.471301323,0.633774174,0.401998862,0.657795479
0.532351994,0.867752599,0.550789174,0.819454439,0.471301323,0.633774174,0.401998862,0.657795479
0.666689398,0.854286508,0.658949403,0.697630756,0.471301323,0.633774174,0.401998862,0.657795479
0.619705286,0.871911194,0.636851692,0.626961415,0.471301323,0.633774174,0.401998862,0.657795479
0.548799482,0.87053384,0.534254642,0.586079275,0.471301323,0.633774174,0.401998862,0.657795479
0.61144861,0.871075891,0.65865941,0.801642864,0.471301323,0.633774174,0.401998862,0.657795479
0.383232006,0.871677058,0.624114076,0.684174207,0.471301323,0.633774174,0.401998862,0.657795479
0.510521002,0.867463769,0.651819885,0.590198071,0.471301323,0.633774174,0.401998862,0.657795479
0.564379083,0.854519714,0.678894737,0.671164285,0.471301323,0.633774174,0.401998862,0.657795479
0.627484614,0.86586508,0.682548519,0.457103963,0.471301323,0.633774174,0.401998862,0.657795479
0.598000672,0.866752749,0.627845127,0.664705989,0.471301323,0.633774174,0.401998862,0.657795479
0.674777571,0.872698553,0.622972255,0.826427789,0.471301323,0.633774174,0.401998862,0.657795479
0.598557618,0.871459679,0.599889356,0.844426022,0.471301323,0.633774174,0.401998862,0.657795479
0.720598448,0.877486243,0.626679101,0.653365045,0.471301323,0.633774174,0.401998862,0.657795479
0.595856673,0.872340599,0.700459009,0.641133638,0.471301323,0.633774174,0.401998862,0.657795479
0.720248175,0.870170766,0.626286236,0.64419277,0.471301323,0.633774174,0.401998862,0.657795479
0.666548125,0.865792698,0.638332848,0.477692706,0.471301323,0.633774174,0.401998862,0.657795479
0.4386861,0.867153411,0.607742461,0.668813148,0.471301323,0.633774174,0.401998862,0.657795479
0.560521654,0.869889151,0.511094473,0.642842879,0.471301323,0.633774174,0.401998862,0.657795479
0.720149261,0.86090458,0.665031592,0.390877508,0.471301323,0.633774174,0.401998862,0.657795479
0.619133677,0.864194706,0.549574505,0.432341963,0.471301323,0.633774174,0.401998862,0.657795479
0.645288742,0.8374287,0.568780425,0.592853632,0.471301323,0.633774174,0.401998862,0.657795479
0.54390124,0.872459878,0.659606893,0.457573399,0.471301323,0.633774174,0.401998862,0.657795479
0.297916746,0.432287226,0.359116205,0.741125894,0.464144997,0.46538971,0.340199752,0.658265977
0.538794293,0.433719221,0.25591768,0.62049353,0.464144997,0.46538971,0.340199752,0.658265977
0.229786205,0.430680404,0.329506028,0.475491833,0.464144997,0.46538971,0.340199752,0.658265977
0.396243977,0.432201208,0.286053977,0.458736361,0.464144997,0.46538971,0.340199752,0.658265977
0.273111351,0.442220701,0.327403478,0.451210553,0.464144997,0.46538971,0.340199752,0.658265977
0.530514384,0.433636314,0.377237277,0.468852482,0.464144997,0.46538971,0.340199752,0.658265977
0.434367334,0.437292532,0.331735017,0.636137669,0.464144997,0.46538971,0.340199752,0.658265977
0.480386165,0.432217153,0.340925466,0.476005963,0.464144997,0.46538971,0.340199752,0.658265977
0.327123666,0.435710928,0.292047629,0.575204592,0.464144997,0.46538971,0.340199752,0.658265977
0.359413095,0.441258576,0.382749096,0.495542853,0.464144997,0.46538971,0.340199752,0.658265977
0.551603808,0.441943883,0.47869414,0.635387434,0.464144997,0.46538971,0.340199752,0.658265977
0.339334517,0.360905134,0.327095701,0.475650191,0.464144997,0.46538971,0.340199752,0.658265977
0.495062619,0.440338616,0.376740822,0.448007724,0.464144997,0.46538971,0.340199752,0.658265977
0.419840182,0.435031783,0.300990011,0.44054526,0.464144997,0.46538971,0.340199752,0.658265977
0.319075487,0.432837838,0.26393798,0.631736944,0.464144997,0.46538971,0.340199752,0.658265977
0.26404189,0.431189664,0.464006668,0.380909846,0.464144997,0.46538971,0.340199752,0.658265977
0.288002239,0.435063281,0.337017998,0.66409077,0.464144997,0.46538971,0.340199752,0.658265977
0.451897213,0.43198737,0.38650732,0.424000718,0.464144997,0.46538971,0.340199752,0.658265977
0.352824456,0.428167519,0.315736306,0.377586827,0.464144997,0.46538971,0.340199752,0.658265977
0.292607369,0.435250316,0.31392521,0.728828459,0.464144997,0.46538971,0.340199752,0.658265977
0.409476328,0.441362806,0.256217332,0.67139154,0.464144997,0.46538971,0.340199752,0.658265977
0.273881862,0.433017039,0.277556859,0.678331881,0.464144997,0.46538971,0.340199752,0.658265977
0.54484825,0.432024681,0.565622979,0.289443581,0.464144997,0.46538971,0.340199752,0.658265977
0.52871262,0.43714929,0.360245874,0.676262078,0.464144997,0.46538971,0.340199752,0.658265977
0.57279162,0.437161775,0.248369692,0.325766569,0.464144997,0.46538971,0.340199752,0.658265977
0.304459818,0.433529221,0.319959066,0.544766258,0.464144997,0.46538971,0.340199752,0.658265977
0.569213571,0.435135112,0.297104229,0.254252282,0.464144997,0.46538971,0.340199752,0.658265977
0.258175623,0.432207182,0.3080823,0.356833378,0.464144997,0.46538971,0.340199752,0.658265977
0.448241983,0.432851036,0.367198249,0.672482983,0.464144997,0.46538971,0.340199752,0.658265977
0.262596246,0.433090644,0.363008804,0.648734713,0.464144997,0.46538971,0.340199752,0.658265977
0.274945354,0.43273259,0.348476783,0.770567321,0.464144997,0.46538971,0.340199752,0.658265977
0.571512619,0.435051769,0.347147084,0.403347967,0.464144997,0.46538971,0.340199752,0.658265977
