HDP1,HDP2,HDP3,HDP4,HDP5,UDP1,UDP2,UDP3,UDP4
0.163265306,0.132653061,0.112244898,0.183673469,0.081632653,0.091836735,0.173469388,0.071428571,0.469387755
0.051020408,0.163265306,0.12244898,0.193877551,0.244897959,0.091836735,0.173469388,0.071428571,0.469387755
0.06122449,0.183673469,0.204081633,0.163265306,0.193877551,0.091836735,0.173469388,0.071428571,0.469387755
0.142857143,0.234693878,0.173469388,0.193877551,0.255102041,0.091836735,0.173469388,0.071428571,0.469387755
0.163265306,0.183673469,0.132653061,0.183673469,0.408163265,0.091836735,0.173469388,0.071428571,0.469387755
0.102040816,0.163265306,0.132653061,0.183673469,0.12244898,0.091836735,0.173469388,0.071428571,0.469387755
0.142857143,0.173469388,0.081632653,0.153061224,0.214285714,0.091836735,0.173469388,0.071428571,0.469387755
0.132653061,0.132653061,0.102040816,0.102040816,0.204081633,0.091836735,0.173469388,0.071428571,0.469387755
0.051020408,0.163265306,0.153061224,0.132653061,0.204081633,0.091836735,0.173469388,0.071428571,0.469387755
0.102040816,0.12244898,0.153061224,0.12244898,0.091836735,0.091836735,0.173469388,0.071428571,0.469387755
0.132653061,0.091836735,0.102040816,0.12244898,0.163265306,0.091836735,0.173469388,0.071428571,0.469387755
0.142857143,0.12244898,0.06122449,0.102040816,0.193877551,0.091836735,0.173469388,0.071428571,0.469387755
0.163265306,0.132653061,0.153061224,0.132653061,0.214285714,0.091836735,0.173469388,0.071428571,0.469387755
0.102040816,0.183673469,0.173469388,0.214285714,0.448979592,0.091836735,0.173469388,0.071428571,0.469387755
0.051020408,0.071428571,0.112244898,0.081632653,0.132653061,0.091836735,0.173469388,0.071428571,0.469387755
0.071428571,0.112244898,0.112244898,0.091836735,0.071428571,0.091836735,0.173469388,0.071428571,0.469387755
0.076271186,0.381355932,0.169491525,0.406779661,0.13559322,0.118644068,0.13559322,0.084745763,0.474576271
0.050847458,0.279661017,0.161016949,0.415254237,0.06779661,0.118644068,0.13559322,0.084745763,0.474576271
0.042372881,0.144067797,0.186440678,0.228813559,0.110169492,0.118644068,0.13559322,0.084745763,0.474576271
0.059322034,0.254237288,0.186440678,0.415254237,0.177966102,0.118644068,0.13559322,0.084745763,0.474576271
0.076271186,0.093220339,0.177966102,0.415254237,0.194915254,0.118644068,0.13559322,0.084745763,0.474576271
0.042372881,0.13559322,0.177966102,0.245762712,0.211864407,0.118644068,0.13559322,0.084745763,0.474576271
0.076271186,0.355932203,0.177966102,0.161016949,0.042372881,0.118644068,0.13559322,0.084745763,0.474576271
0.076271186,0.118644068,0.144067797,0.118644068,0.177966102,0.118644068,0.13559322,0.084745763,0.474576271
0.06779661,0.118644068,0.177966102,0.127118644,0.084745763,0.118644068,0.13559322,0.084745763,0.474576271
0.06779661,0.093220339,0.144067797,0.101694915,0.161016949,0.118644068,0.13559322,0.084745763,0.474576271
0.076271186,0.194915254,0.161016949,0.127118644,0.110169492,0.118644068,0.13559322,0.084745763,0.474576271
0.076271186,0.101694915,0.144067797,0.110169492,0.152542373,0.118644068,0.13559322,0.084745763,0.474576271
0.076271186,0.093220339,0.186440678,0.144067797,0.177966102,0.118644068,0.13559322,0.084745763,0.474576271
0.06779661,0.381355932,0.203389831,0.440677966,0.186440678,0.118644068,0.13559322,0.084745763,0.474576271
0.059322034,0.169491525,0.152542373,0.144067797,0.059322034,0.118644068,0.13559322,0.084745763,0.474576271
0.389830508,0.228813559,0.194915254,0.355932203,0.13559322,0.118644068,0.13559322,0.084745763,0.474576271
0.084745763,0.152542373,0.169491525,0.127118644,0.06779661,0.118644068,0.13559322,0.084745763,0.474576271
0.136363636,0.181818182,0.227272727,0.181818182,0.136363636,0.181818182,0.227272727,0.136363636,0.409090909
0.181818182,0.181818182,0.272727273,0.181818182,0.136363636,0.181818182,0.227272727,0.136363636,0.409090909
0.136363636,0.181818182,0.272727273,0.181818182,0.272727273,0.181818182,0.227272727,0.136363636,0.409090909
0.136363636,0.227272727,0.181818182,0.136363636,0.227272727,0.181818182,0.227272727,0.136363636,0.409090909
0.136363636,0.227272727,0.272727273,0.272727273,0.272727273,0.181818182,0.227272727,0.136363636,0.409090909
0.136363636,0.227272727,0.409090909,0.227272727,0.181818182,0.181818182,0.227272727,0.136363636,0.409090909
0.090909091,0.227272727,0.227272727,0.227272727,0.227272727,0.181818182,0.227272727,0.136363636,0.409090909
0.136363636,0.227272727,0.272727273,0.181818182,0.136363636,0.181818182,0.227272727,0.136363636,0.409090909
0.136363636,0.181818182,0.136363636,0.181818182,0.227272727,0.181818182,0.227272727,0.136363636,0.409090909
0.090909091,0.227272727,0.318181818,0.136363636,0.227272727,0.181818182,0.227272727,0.136363636,0.409090909
0.090909091,0.227272727,0.181818182,0.181818182,0.227272727,0.181818182,0.227272727,0.136363636,0.409090909
0.136363636,0.181818182,0.181818182,0.272727273,0.181818182,0.181818182,0.227272727,0.136363636,0.409090909
0.136363636,0.181818182,0.227272727,0.136363636,0.181818182,0.181818182,0.227272727,0.136363636,0.409090909
0.181818182,0.136363636,0.181818182,0.181818182,0.227272727,0.181818182,0.227272727,0.136363636,0.409090909
0.136363636,0.181818182,0.227272727,0.136363636,0.136363636,0.181818182,0.227272727,0.136363636,0.409090909
0.136363636,0.136363636,0.181818182,0.136363636,0.227272727,0.181818182,0.227272727,0.136363636,0.409090909
0.181818182,0.227272727,0.227272727,0.272727273,0.272727273,0.181818182,0.227272727,0.136363636,0.409090909
0.136363636,0.181818182,0.181818182,0.227272727,0.227272727,0.181818182,0.227272727,0.136363636,0.409090909
0.136363636,0.136363636,0.227272727,0.090909091,0.227272727,0.181818182,0.227272727,0.136363636,0.409090909
0.181818182,0.181818182,0.227272727,0.181818182,0.227272727,0.181818182,0.227272727,0.136363636,0.409090909
0.090909091,0.272727273,0.136363636,0.181818182,0.181818182,0.181818182,0.227272727,0.136363636,0.409090909
0.227272727,0.272727273,0.272727273,0.090909091,0.318181818,0.181818182,0.227272727,0.136363636,0.409090909
0.136363636,0.318181818,0.181818182,0.272727273,0.318181818,0.181818182,0.227272727,0.136363636,0.409090909
0.181818182,0.272727273,0.227272727,0.318181818,0.227272727,0.181818182,0.227272727,0.136363636,0.409090909
0.227272727,0.136363636,0.181818182,0.136363636,0.136363636,0.181818182,0.227272727,0.136363636,0.409090909
0.136363636,0.227272727,0.181818182,0.272727273,0.227272727,0.181818182,0.227272727,0.136363636,0.409090909
0.136363636,0.181818182,0.090909091,0.136363636,0.136363636,0.181818182,0.227272727,0.136363636,0.409090909
0.318181818,0.318181818,0.136363636,0.272727273,0.136363636,0.181818182,0.227272727,0.136363636,0.409090909
0.136363636,0.090909091,0.181818182,0.136363636,0.136363636,0.181818182,0.227272727,0.136363636,0.409090909
0.181818182,0.136363636,0.227272727,0.136363636,0.136363636,0.181818182,0.227272727,0.136363636,0.409090909
0.046511628,0.100775194,0.186046512,0.108527132,0.07751938,0.100775194,0.139534884,0.069767442,0.534883721
0.062015504,0.186046512,0.217054264,0.248062016,0.131782946,0.100775194,0.139534884,0.069767442,0.534883721
0.046511628,0.170542636,0.186046512,0.139534884,0.279069767,0.100775194,0.139534884,0.069767442,0.534883721
0.062015504,0.15503876,0.139534884,0.19379845,0.069767442,0.100775194,0.139534884,0.069767442,0.534883721
0.07751938,0.201550388,0.162790698,0.162790698,0.069767442,0.100775194,0.139534884,0.069767442,0.534883721
0.062015504,0.255813953,0.178294574,0.15503876,0.093023256,0.100775194,0.139534884,0.069767442,0.534883721
0.054263566,0.162790698,0.224806202,0.15503876,0.062015504,0.100775194,0.139534884,0.069767442,0.534883721
0.124031008,0.170542636,0.201550388,0.170542636,0.062015504,0.100775194,0.139534884,0.069767442,0.534883721
0.11627907,0.170542636,0.23255814,0.162790698,0.217054264,0.100775194,0.139534884,0.069767442,0.534883721
0.11627907,0.178294574,0.240310078,0.11627907,0.341085271,0.100775194,0.139534884,0.069767442,0.534883721
0.054263566,0.15503876,0.217054264,0.147286822,0.271317829,0.100775194,0.139534884,0.069767442,0.534883721
0.062015504,0.217054264,0.23255814,0.162790698,0.255813953,0.100775194,0.139534884,0.069767442,0.534883721
0.062015504,0.15503876,0.201550388,0.178294574,0.085271318,0.100775194,0.139534884,0.069767442,0.534883721
0.093023256,0.11627907,0.209302326,0.108527132,0.054263566,0.100775194,0.139534884,0.069767442,0.534883721
0.131782946,0.186046512,0.15503876,0.23255814,0.062015504,0.100775194,0.139534884,0.069767442,0.534883721
0.046511628,0.209302326,0.178294574,0.186046512,0.348837209,0.100775194,0.139534884,0.069767442,0.534883721
0.062015504,0.139534884,0.217054264,0.11627907,0.178294574,0.100775194,0.139534884,0.069767442,0.534883721
0.364341085,0.271317829,0.178294574,0.170542636,0.07751938,0.100775194,0.139534884,0.069767442,0.534883721
0.054263566,0.139534884,0.186046512,0.085271318,0.19379845,0.100775194,0.139534884,0.069767442,0.534883721
0.093023256,0.162790698,0.209302326,0.170542636,0.310077519,0.100775194,0.139534884,0.069767442,0.534883721
0.054263566,0.15503876,0.186046512,0.147286822,0.062015504,0.100775194,0.139534884,0.069767442,0.534883721
0.077669903,0.218446602,0.218446602,0.13592233,0.072815534,0.116504854,0.223300971,0.072815534,0.368932039
0.106796117,0.305825243,0.213592233,0.27184466,0.262135922,0.116504854,0.223300971,0.072815534,0.368932039
0.087378641,0.330097087,0.213592233,0.252427184,0.203883495,0.116504854,0.223300971,0.072815534,0.368932039
0.067961165,0.27184466,0.218446602,0.286407767,0.150485437,0.116504854,0.223300971,0.072815534,0.368932039
0.213592233,0.213592233,0.203883495,0.213592233,0.053398058,0.116504854,0.223300971,0.072815534,0.368932039
0.09223301,0.160194175,0.218446602,0.131067961,0.087378641,0.116504854,0.223300971,0.072815534,0.368932039
0.087378641,0.174757282,0.213592233,0.203883495,0.067961165,0.116504854,0.223300971,0.072815534,0.368932039
0.218446602,0.145631068,0.213592233,0.155339806,0.203883495,0.116504854,0.223300971,0.072815534,0.368932039
0.087378641,0.281553398,0.218446602,0.155339806,0.194174757,0.116504854,0.223300971,0.072815534,0.368932039
0.09223301,0.165048544,0.218446602,0.247572816,0.087378641,0.116504854,0.223300971,0.072815534,0.368932039
0.101941748,0.213592233,0.218446602,0.242718447,0.111650485,0.116504854,0.223300971,0.072815534,0.368932039
0.22815534,0.160194175,0.208737864,0.169902913,0.13592233,0.116504854,0.223300971,0.072815534,0.368932039
0.077669903,0.252427184,0.218446602,0.300970874,0.373786408,0.116504854,0.223300971,0.072815534,0.368932039
0.09223301,0.237864078,0.213592233,0.174757282,0.116504854,0.116504854,0.223300971,0.072815534,0.368932039
0.04368932,0.223300971,0.213592233,0.315533981,0.344660194,0.116504854,0.223300971,0.072815534,0.368932039
0.131067961,0.174757282,0.218446602,0.126213592,0.145631068,0.116504854,0.223300971,0.072815534,0.368932039
0.291262136,0.22815534,0.218446602,0.266990291,0.126213592,0.116504854,0.223300971,0.072815534,0.368932039
0.223300971,0.194174757,0.218446602,0.257281553,0.325242718,0.116504854,0.223300971,0.072815534,0.368932039
0.09223301,0.140776699,0.218446602,0.150485437,0.087378641,0.116504854,0.223300971,0.072815534,0.368932039
0.03125,0.203125,0.296875,0.265625,0.265625,0.40625,0.453125,0.375,0.515625
0.03125,0.0625,0.296875,0.109375,0.21875,0.40625,0.453125,0.375,0.515625
0.0625,0.1875,0.296875,0.1875,0.125,0.40625,0.453125,0.375,0.515625
0.21875,0.28125,0.296875,0.140625,0.078125,0.40625,0.453125,0.375,0.515625
0.09375,0.171875,0.28125,0.25,0.0625,0.40625,0.453125,0.375,0.515625
0.375,0.265625,0.296875,0.140625,0.0625,0.40625,0.453125,0.375,0.515625
0.28125,0.28125,0.296875,0.203125,0.1875,0.40625,0.453125,0.375,0.515625
0.234375,0.234375,0.28125,0.21875,0.3125,0.40625,0.453125,0.375,0.515625
0.234375,0.265625,0.296875,0.203125,0.046875,0.40625,0.453125,0.375,0.515625
0.375,0.3125,0.296875,0.359375,0.15625,0.40625,0.453125,0.375,0.515625
0.03125,0.265625,0.296875,0.1875,0.046875,0.40625,0.453125,0.375,0.515625
0.0625,0.171875,0.296875,0.203125,0.296875,0.40625,0.453125,0.375,0.515625
0.0625,0.21875,0.296875,0.28125,0.0625,0.40625,0.453125,0.375,0.515625
0.1875,0.25,0.296875,0.265625,0.390625,0.40625,0.453125,0.375,0.515625
0.171875,0.203125,0.296875,0.140625,0.109375,0.40625,0.453125,0.375,0.515625
0.03125,0.375,0.296875,0.296875,0.0625,0.40625,0.453125,0.375,0.515625
0.065306122,0.32244898,0.285714286,0.330612245,0.06122449,0.183673469,0.175510204,0.191836735,0.395918367
0.065306122,0.302040816,0.297959184,0.167346939,0.07755102,0.183673469,0.175510204,0.191836735,0.395918367
0.069387755,0.293877551,0.293877551,0.342857143,0.212244898,0.183673469,0.175510204,0.191836735,0.395918367
0.065306122,0.208163265,0.285714286,0.342857143,0.269387755,0.183673469,0.175510204,0.191836735,0.395918367
0.057142857,0.318367347,0.302040816,0.342857143,0.097959184,0.183673469,0.175510204,0.191836735,0.395918367
0.13877551,0.240816327,0.281632653,0.27755102,0.163265306,0.183673469,0.175510204,0.191836735,0.395918367
0.146938776,0.248979592,0.293877551,0.314285714,0.06122449,0.183673469,0.175510204,0.191836735,0.395918367
0.155102041,0.146938776,0.285714286,0.26122449,0.187755102,0.183673469,0.175510204,0.191836735,0.395918367
0.220408163,0.289795918,0.236734694,0.302040816,0.134693878,0.183673469,0.175510204,0.191836735,0.395918367
0.204081633,0.314285714,0.297959184,0.220408163,0.126530612,0.183673469,0.175510204,0.191836735,0.395918367
0.204081633,0.179591837,0.285714286,0.302040816,0.232653061,0.183673469,0.175510204,0.191836735,0.395918367
0.134693878,0.208163265,0.293877551,0.195918367,0.114285714,0.183673469,0.175510204,0.191836735,0.395918367
0.065306122,0.285714286,0.293877551,0.314285714,0.057142857,0.183673469,0.175510204,0.191836735,0.395918367
0.065306122,0.289795918,0.293877551,0.318367347,0.314285714,0.183673469,0.175510204,0.191836735,0.395918367
0.069387755,0.297959184,0.297959184,0.236734694,0.13877551,0.183673469,0.175510204,0.191836735,0.395918367
0.240816327,0.334693878,0.297959184,0.342857143,0.191836735,0.183673469,0.175510204,0.191836735,0.395918367
0.191836735,0.265306122,0.297959184,0.285714286,0.257142857,0.183673469,0.175510204,0.191836735,0.395918367
0.100478469,0.210526316,0.23923445,0.224880383,0.172248804,0.105263158,0.162679426,0.196172249,0.301435407
0.086124402,0.296650718,0.229665072,0.306220096,0.153110048,0.105263158,0.162679426,0.196172249,0.301435407
0.09569378,0.23923445,0.244019139,0.196172249,0.186602871,0.105263158,0.162679426,0.196172249,0.301435407
0.234449761,0.196172249,0.229665072,0.28708134,0.153110048,0.105263158,0.162679426,0.196172249,0.301435407
0.220095694,0.167464115,0.23923445,0.234449761,0.086124402,0.105263158,0.162679426,0.196172249,0.301435407
0.124401914,0.215311005,0.229665072,0.267942584,0.119617225,0.105263158,0.162679426,0.196172249,0.301435407
0.200956938,0.200956938,0.224880383,0.277511962,0.148325359,0.105263158,0.162679426,0.196172249,0.301435407
0.215311005,0.220095694,0.234449761,0.244019139,0.124401914,0.105263158,0.162679426,0.196172249,0.301435407
0.138755981,0.205741627,0.234449761,0.200956938,0.205741627,0.105263158,0.162679426,0.196172249,0.301435407
0.105263158,0.200956938,0.229665072,0.248803828,0.253588517,0.105263158,0.162679426,0.196172249,0.301435407
0.186602871,0.253588517,0.23923445,0.224880383,0.138755981,0.105263158,0.162679426,0.196172249,0.301435407
0.23923445,0.234449761,0.234449761,0.224880383,0.105263158,0.105263158,0.162679426,0.196172249,0.301435407
0.167464115,0.148325359,0.234449761,0.28708134,0.267942584,0.105263158,0.162679426,0.196172249,0.301435407
0.186602871,0.229665072,0.234449761,0.220095694,0.09569378,0.105263158,0.162679426,0.196172249,0.301435407
0.090909091,0.157894737,0.23923445,0.215311005,0.263157895,0.105263158,0.162679426,0.196172249,0.301435407
0.263157895,0.234449761,0.234449761,0.220095694,0.162679426,0.105263158,0.162679426,0.196172249,0.301435407
0.220095694,0.253588517,0.234449761,0.229665072,0.253588517,0.105263158,0.162679426,0.196172249,0.301435407
0.110047847,0.196172249,0.23923445,0.224880383,0.100478469,0.105263158,0.162679426,0.196172249,0.301435407
0.222222222,0.333333333,0.222222222,0.333333333,0.333333333,0.222222222,0.222222222,0.222222222,0.444444444
0.222222222,0.333333333,0.444444444,0.222222222,0.333333333,0.222222222,0.222222222,0.222222222,0.444444444
0.222222222,0.222222222,0.222222222,0.222222222,0.111111111,0.222222222,0.222222222,0.222222222,0.444444444
0.111111111,0.222222222,0.222222222,0.222222222,0.222222222,0.222222222,0.222222222,0.222222222,0.444444444
0.222222222,0.333333333,0,0.111111111,0.111111111,0.222222222,0.222222222,0.222222222,0.444444444
0.222222222,0.222222222,0.222222222,0.333333333,0.111111111,0.222222222,0.222222222,0.222222222,0.444444444
0.111111111,0.111111111,0.333333333,0,0.111111111,0.222222222,0.222222222,0.222222222,0.444444444
0.222222222,0.111111111,0.222222222,0.444444444,0.333333333,0.222222222,0.222222222,0.222222222,0.444444444
0.222222222,0.444444444,0,0.333333333,0.333333333,0.222222222,0.222222222,0.222222222,0.444444444
0.222222222,0.111111111,0.555555556,0.111111111,0.222222222,0.222222222,0.222222222,0.222222222,0.444444444
0.222222222,0.222222222,0.444444444,0.222222222,0.111111111,0.222222222,0.222222222,0.222222222,0.444444444
0.222222222,0.222222222,0.111111111,0.333333333,0.111111111,0.222222222,0.222222222,0.222222222,0.444444444
0.333333333,0.222222222,0.222222222,0.333333333,0.222222222,0.222222222,0.222222222,0.222222222,0.444444444
0.222222222,0.222222222,0.444444444,0.222222222,0.111111111,0.222222222,0.222222222,0.222222222,0.444444444
0.111111111,0.333333333,0.555555556,0.222222222,0.111111111,0.222222222,0.222222222,0.222222222,0.444444444
0.222222222,0.444444444,0.444444444,0.333333333,0.333333333,0.222222222,0.222222222,0.222222222,0.444444444
0.222222222,0.111111111,0.444444444,0.222222222,0.111111111,0.222222222,0.222222222,0.222222222,0.444444444
0.111111111,0.111111111,0,0.222222222,0.111111111,0.222222222,0.222222222,0.222222222,0.444444444
0.111111111,0.222222222,0.333333333,0.222222222,0.666666667,0.222222222,0.222222222,0.222222222,0.444444444
0.222222222,0.111111111,0.666666667,0.333333333,0.222222222,0.222222222,0.222222222,0.222222222,0.444444444
0.222222222,0.333333333,0.333333333,0.111111111,0.222222222,0.222222222,0.222222222,0.222222222,0.444444444
0.666666667,0.333333333,0.444444444,0.555555556,0,0.222222222,0.222222222,0.222222222,0.444444444
0.222222222,0,0.333333333,0.222222222,0,0.222222222,0.222222222,0.222222222,0.444444444
0.222222222,0.111111111,0,0.444444444,0.333333333,0.222222222,0.222222222,0.222222222,0.444444444
0.222222222,0.222222222,0.222222222,0.111111111,0.222222222,0.222222222,0.222222222,0.222222222,0.444444444
0.25,0.125,0.125,0.125,0.125,0.25,0.125,0.375,0.25
0.25,0.125,0.125,0.125,0.375,0.25,0.125,0.375,0.25
0.25,0.125,0.25,0.125,0.25,0.25,0.125,0.375,0.25
0.25,0.125,0.25,0.125,0.125,0.25,0.125,0.375,0.25
0.375,0.25,0.25,0.125,0.125,0.25,0.125,0.375,0.25
0.25,0.25,0.25,0.125,0.125,0.25,0.125,0.375,0.25
0.25,0.125,0.125,0.25,0.125,0.25,0.125,0.375,0.25
0.25,0.375,0.25,0.25,0.25,0.25,0.125,0.375,0.25
0.125,0.125,0.25,0.25,0.125,0.25,0.125,0.375,0.25
0.125,0.375,0.375,0.125,0.125,0.25,0.125,0.375,0.25
0.25,0.25,0.25,0.125,0.125,0.25,0.125,0.375,0.25
0.25,0.25,0.25,0.125,0.25,0.25,0.125,0.375,0.25
0.25,0.375,0.25,0.125,0.25,0.25,0.125,0.375,0.25
0.25,0.25,0.125,0.125,0.25,0.25,0.125,0.375,0.25
0.25,0.25,0.25,0.375,0.25,0.25,0.125,0.375,0.25
0.25,0.125,0.375,0.25,0.125,0.25,0.125,0.375,0.25
0.125,0.5,0.25,0.25,0.25,0.25,0.125,0.375,0.25
0.25,0.25,0.125,0.25,0.25,0.25,0.125,0.375,0.25
0.125,0.25,0.5,0.125,0.25,0.25,0.125,0.375,0.25
0.125,0.25,0.375,0.125,0.125,0.25,0.125,0.375,0.25
0.25,0.25,0.125,0.25,0.125,0.25,0.125,0.375,0.25
0.25,0.125,0.25,0.125,0.25,0.25,0.125,0.375,0.25
0.25,0.125,0.125,0.375,0.125,0.25,0.125,0.375,0.25
0.25,0.25,0.5,0.125,0.25,0.25,0.125,0.375,0.25
0.5,0.25,0.375,0.25,0.125,0.25,0.125,0.375,0.25
0.125,0.125,0.125,0.125,0.25,0.25,0.125,0.375,0.25
0.125,0.375,0.25,0.25,0.125,0.25,0.125,0.375,0.25
0.25,0.25,0.125,0.25,0.125,0.25,0.125,0.375,0.25
0.25,0.25,0.125,0.25,0.25,0.25,0.125,0.375,0.25
0.15,0.2,0.35,0.15,0.15,0.15,0.15,0.15,0.2
0.2,0.2,0.2,0.25,0.2,0.15,0.15,0.15,0.2
0.2,0.2,0.2,0.15,0.2,0.15,0.15,0.15,0.2
0.2,0.15,0.15,0.15,0.15,0.15,0.15,0.15,0.2
0.2,0.1,0.1,0.3,0.1,0.15,0.15,0.15,0.2
0.15,0.25,0.3,0.2,0.15,0.15,0.15,0.15,0.2
0.2,0.2,0.1,0.2,0.15,0.15,0.15,0.15,0.2
0.15,0.1,0.25,0.1,0.1,0.15,0.15,0.15,0.2
0.25,0.15,0.15,0.15,0.15,0.15,0.15,0.15,0.2
0.25,0.15,0.15,0.15,0.15,0.15,0.15,0.15,0.2
0.25,0.2,0.15,0.1,0.2,0.15,0.15,0.15,0.2
0.15,0.25,0.15,0.25,0.15,0.15,0.15,0.15,0.2
0.15,0.15,0.25,0.2,0.15,0.15,0.15,0.15,0.2
0.15,0.05,0.25,0.05,0.15,0.15,0.15,0.15,0.2
0.15,0.1,0.2,0.2,0.15,0.15,0.15,0.15,0.2
0.2,0.25,0.25,0.15,0.2,0.15,0.15,0.15,0.2
0.25,0.15,0.1,0.15,0.1,0.15,0.15,0.15,0.2
0.2,0.1,0.2,0.2,0.2,0.15,0.15,0.15,0.2
0.15,0.25,0.2,0.25,0.1,0.15,0.15,0.15,0.2
0.15,0.2,0.15,0.2,0.05,0.15,0.15,0.15,0.2
0.15,0.15,0.2,0.15,0.2,0.15,0.15,0.15,0.2
0.15,0.25,0.05,0.1,0.2,0.15,0.15,0.15,0.2
0.25,0.1,0.05,0.15,0.2,0.15,0.15,0.15,0.2
0.2,0.15,0.2,0.15,0.2,0.15,0.15,0.15,0.2
0.25,0.125,0.25,0.125,0.125,0.25,0.125,0.25,0.125
0.25,0.125,0,0,0.375,0.25,0.125,0.25,0.125
0.25,0.25,0.125,0.125,0.125,0.25,0.125,0.25,0.125
0.125,0.125,0.25,0.125,0.125,0.25,0.125,0.25,0.125
0.125,0.25,0.375,0.125,0.125,0.25,0.125,0.25,0.125
0.125,0.5,0.375,0.125,0.125,0.25,0.125,0.25,0.125
0.25,0.125,0.25,0.25,0.125,0.25,0.125,0.25,0.125
0.375,0.125,0.125,0.125,0,0.25,0.125,0.25,0.125
0.25,0.125,0.25,0.125,0.125,0.25,0.125,0.25,0.125
0.25,0.25,0.125,0.125,0.125,0.25,0.125,0.25,0.125
0.25,0.25,0.125,0.25,0.125,0.25,0.125,0.25,0.125
0.25,0.25,0.375,0.25,0.125,0.25,0.125,0.25,0.125
0.25,0.375,0.375,0.25,0,0.25,0.125,0.25,0.125
0.25,0.25,0.125,0.125,0.125,0.25,0.125,0.25,0.125
0.25,0.25,0.25,0.25,0.125,0.25,0.125,0.25,0.125
0.25,0.125,0.25,0.125,0.125,0.25,0.125,0.25,0.125
0.25,0.125,0.125,0.25,0,0.25,0.125,0.25,0.125
0.125,0.125,0.25,0.125,0,0.25,0.125,0.25,0.125
0.125,0.375,0.125,0.25,0.125,0.25,0.125,0.25,0.125
0.125,0.125,0.375,0.25,0.125,0.25,0.125,0.25,0.125
0.25,0.125,0.125,0.25,0.125,0.25,0.125,0.25,0.125
0.25,0,0.25,0.125,0.125,0.25,0.125,0.25,0.125
0.25,0.125,0.375,0.125,0.125,0.25,0.125,0.25,0.125
0.25,0.25,0.25,0.25,0.125,0.25,0.125,0.25,0.125
0.25,0.125,0.125,0.125,0.125,0.25,0.125,0.25,0.125
0,0.125,0.25,0,0.125,0.25,0.125,0.25,0.125
0.25,0.125,0.25,0.125,0.125,0.25,0.125,0.25,0.125
0.25,0.125,0.125,0.125,0.125,0.25,0.125,0.25,0.125
0.25,0.25,0.125,0.125,0.125,0.25,0.125,0.25,0.125
0.133333333,0.266666667,0.266666667,0.4,0.266666667,0.2,0.4,0.266666667,0.466666667
0.133333333,0.466666667,0.133333333,0.333333333,0.2,0.2,0.4,0.266666667,0.466666667
0.266666667,0.2,0.266666667,0.333333333,0.2,0.2,0.4,0.266666667,0.466666667
0.333333333,0.333333333,0.333333333,0.266666667,0.266666667,0.2,0.4,0.266666667,0.466666667
0.133333333,0.2,0.133333333,0.266666667,0.266666667,0.2,0.4,0.266666667,0.466666667
0.266666667,0.266666667,0.333333333,0.466666667,0.4,0.2,0.4,0.266666667,0.466666667
0.333333333,0.266666667,0.4,0.466666667,0.4,0.2,0.4,0.266666667,0.466666667
0.133333333,0.266666667,0.266666667,0.466666667,0.333333333,0.2,0.4,0.266666667,0.466666667
0.2,0.266666667,0.133333333,0.4,0.266666667,0.2,0.4,0.266666667,0.466666667
0.266666667,0.266666667,0.266666667,0.333333333,0.333333333,0.2,0.4,0.266666667,0.466666667
0.266666667,0.333333333,0.133333333,0.2,0.333333333,0.2,0.4,0.266666667,0.466666667
0.2,0.4,0.266666667,0.333333333,0.266666667,0.2,0.4,0.266666667,0.466666667
0.333333333,0.333333333,0.266666667,0.466666667,0.2,0.2,0.4,0.266666667,0.466666667
0.2,0.266666667,0.2,0.4,0.333333333,0.2,0.4,0.266666667,0.466666667
0.133333333,0.533333333,0.066666667,0.466666667,0.266666667,0.2,0.4,0.266666667,0.466666667
0.266666667,0.333333333,0.4,0.4,0.266666667,0.2,0.4,0.266666667,0.466666667
0.2,0.4,0.4,0.266666667,0.333333333,0.2,0.4,0.266666667,0.466666667
0.266666667,0.133333333,0.266666667,0.2,0.266666667,0.2,0.4,0.266666667,0.466666667
0.333333333,0.333333333,0.266666667,0.333333333,0.333333333,0.2,0.4,0.266666667,0.466666667
0.333333333,0.466666667,0.266666667,0.466666667,0.333333333,0.2,0.4,0.266666667,0.466666667
0.2,0.133333333,0.066666667,0.333333333,0.2,0.2,0.4,0.266666667,0.466666667
0.2,0.2,0.266666667,0.333333333,0.333333333,0.2,0.4,0.266666667,0.466666667
0.466666667,0.266666667,0.266666667,0.333333333,0.266666667,0.2,0.4,0.266666667,0.466666667
0.133333333,0.133333333,0.333333333,0.2,0.333333333,0.2,0.4,0.266666667,0.466666667
0.133333333,0.4,0.133333333,0.266666667,0.333333333,0.2,0.4,0.266666667,0.466666667
0.266666667,0.333333333,0.2,0.533333333,0.2,0.2,0.4,0.266666667,0.466666667
0.133333333,0.266666667,0.333333333,0.266666667,0.2,0.2,0.4,0.266666667,0.466666667
0.266666667,0.333333333,0.2,0.2,0.333333333,0.2,0.4,0.266666667,0.466666667
0.066666667,0.4,0.133333333,0.533333333,0.2,0.2,0.4,0.266666667,0.466666667
0.2,0.15,0.2,0.1,0.15,0.3,0.25,0.15,0.2
0.2,0.1,0.3,0.2,0.2,0.3,0.25,0.15,0.2
0.2,0.2,0.2,0.3,0.2,0.3,0.25,0.15,0.2
0.15,0.2,0.3,0.35,0.15,0.3,0.25,0.15,0.2
0.2,0.25,0.25,0.2,0.3,0.3,0.25,0.15,0.2
0.2,0.2,0.2,0.3,0.1,0.3,0.25,0.15,0.2
0.2,0.25,0.2,0.2,0.15,0.3,0.25,0.15,0.2
0.25,0.3,0.25,0.2,0.3,0.3,0.25,0.15,0.2
0.25,0.25,0.3,0.2,0.15,0.3,0.25,0.15,0.2
0.2,0.25,0.25,0.25,0.15,0.3,0.25,0.15,0.2
0.2,0.3,0.25,0.3,0.15,0.3,0.25,0.15,0.2
0.2,0.3,0.25,0.3,0.2,0.3,0.25,0.15,0.2
0.2,0.25,0.25,0.35,0.2,0.3,0.25,0.15,0.2
0.3,0.2,0.25,0.25,0.15,0.3,0.25,0.15,0.2
0.2,0.25,0.2,0.25,0.15,0.3,0.25,0.15,0.2
0.2,0.35,0.3,0.1,0.25,0.3,0.25,0.15,0.2
0.2,0.35,0.2,0.35,0.2,0.3,0.25,0.15,0.2
0.2,0.35,0.15,0.15,0.35,0.3,0.25,0.15,0.2
0.15,0.3,0.25,0.3,0.4,0.3,0.25,0.15,0.2
0.074074074,0.037037037,0.222222222,0.148148148,0.111111111,0.074074074,0.148148148,0.111111111,0.481481481
0.111111111,0.111111111,0.185185185,0.222222222,0.074074074,0.074074074,0.148148148,0.111111111,0.481481481
0.222222222,0.148148148,0.111111111,0.296296296,0.259259259,0.074074074,0.148148148,0.111111111,0.481481481
0.037037037,0.148148148,0.148148148,0.185185185,0.148148148,0.074074074,0.148148148,0.111111111,0.481481481
0.074074074,0.111111111,0.185185185,0.185185185,0.111111111,0.074074074,0.148148148,0.111111111,0.481481481
0.037037037,0.222222222,0.222222222,0.185185185,0.111111111,0.074074074,0.148148148,0.111111111,0.481481481
0.037037037,0.185185185,0.074074074,0.148148148,0.074074074,0.074074074,0.148148148,0.111111111,0.481481481
0.111111111,0.185185185,0.185185185,0.185185185,0.518518519,0.074074074,0.148148148,0.111111111,0.481481481
0.074074074,0.185185185,0.222222222,0.185185185,0.111111111,0.074074074,0.148148148,0.111111111,0.481481481
0.111111111,0.259259259,0.185185185,0.296296296,0.37037037,0.074074074,0.148148148,0.111111111,0.481481481
0.074074074,0.222222222,0.111111111,0.296296296,0.37037037,0.074074074,0.148148148,0.111111111,0.481481481
0.185185185,0.222222222,0.148148148,0.185185185,0.074074074,0.074074074,0.148148148,0.111111111,0.481481481
0.185185185,0.185185185,0.074074074,0.222222222,0.111111111,0.074074074,0.148148148,0.111111111,0.481481481
0.111111111,0.259259259,0.259259259,0.259259259,0.148148148,0.074074074,0.148148148,0.111111111,0.481481481
0.074074074,0.185185185,0.222222222,0.148148148,0.222222222,0.074074074,0.148148148,0.111111111,0.481481481
0.076923077,0.307692308,0.230769231,0.384615385,0,0.153846154,0.076923077,0.076923077,0.384615385
0.153846154,0.230769231,0.230769231,0.153846154,0.307692308,0.153846154,0.076923077,0.076923077,0.384615385
0.076923077,0.230769231,0.230769231,0.230769231,0.076923077,0.153846154,0.076923077,0.076923077,0.384615385
0.076923077,0.307692308,0.153846154,0.230769231,0,0.153846154,0.076923077,0.076923077,0.384615385
0.307692308,0.307692308,0.230769231,0.307692308,0,0.153846154,0.076923077,0.076923077,0.384615385
0.307692308,0.230769231,0.230769231,0.230769231,0.076923077,0.153846154,0.076923077,0.076923077,0.384615385
0.461538462,0.307692308,0.230769231,0.307692308,0.076923077,0.153846154,0.076923077,0.076923077,0.384615385
0.307692308,0.230769231,0.230769231,0.307692308,0.076923077,0.153846154,0.076923077,0.076923077,0.384615385
0.307692308,0.307692308,0.153846154,0.076923077,0.153846154,0.153846154,0.076923077,0.076923077,0.384615385
0.153846154,0.153846154,0.153846154,0.076923077,0.461538462,0.153846154,0.076923077,0.076923077,0.384615385
0.307692308,0.230769231,0.230769231,0.230769231,0.230769231,0.153846154,0.076923077,0.076923077,0.384615385
0.153846154,0.153846154,0.230769231,0.307692308,0.615384615,0.153846154,0.076923077,0.076923077,0.384615385
0.307692308,0.230769231,0.230769231,0.153846154,0.076923077,0.153846154,0.076923077,0.076923077,0.384615385
0.307692308,0.307692308,0.230769231,0.230769231,0.230769231,0.153846154,0.076923077,0.076923077,0.384615385
0.076923077,0.076923077,0.153846154,0.307692308,0.076923077,0.153846154,0.076923077,0.076923077,0.384615385
0.461538462,0.230769231,0.153846154,0.153846154,0.076923077,0.153846154,0.076923077,0.076923077,0.384615385
0.04964539,0.219858156,0.205673759,0.276595745,0.085106383,0.063829787,0.134751773,0.29787234,0.460992908
0.04964539,0.191489362,0.283687943,0.241134752,0.113475177,0.063829787,0.134751773,0.29787234,0.460992908
0.24822695,0.163120567,0.212765957,0.234042553,0.333333333,0.063829787,0.134751773,0.29787234,0.460992908
0.24822695,0.127659574,0.134751773,0.14893617,0.205673759,0.063829787,0.134751773,0.29787234,0.460992908
0.24822695,0.177304965,0.113475177,0.141843972,0.042553191,0.063829787,0.134751773,0.29787234,0.460992908
0.127659574,0.09929078,0.170212766,0.120567376,0.163120567,0.063829787,0.134751773,0.29787234,0.460992908
0.127659574,0.191489362,0.134751773,0.134751773,0.04964539,0.063829787,0.134751773,0.29787234,0.460992908
0.056737589,0.156028369,0.226950355,0.170212766,0.460992908,0.063829787,0.134751773,0.29787234,0.460992908
0.127659574,0.106382979,0.141843972,0.120567376,0.234042553,0.063829787,0.134751773,0.29787234,0.460992908
0.113475177,0.177304965,0.163120567,0.170212766,0.191489362,0.063829787,0.134751773,0.29787234,0.460992908
0.24822695,0.134751773,0.184397163,0.127659574,0.042553191,0.063829787,0.134751773,0.29787234,0.460992908
0.24822695,0.106382979,0.191489362,0.127659574,0.106382979,0.063829787,0.134751773,0.29787234,0.460992908
0.056737589,0.269503546,0.184397163,0.29787234,0.070921986,0.063829787,0.134751773,0.29787234,0.460992908
0.074074074,0.333333333,0.185185185,0.074074074,0.111111111,0.185185185,0.148148148,0.074074074,0.518518519
0.148148148,0.259259259,0.222222222,0.37037037,0.111111111,0.185185185,0.148148148,0.074074074,0.518518519
0.074074074,0.222222222,0.296296296,0.111111111,0.074074074,0.185185185,0.148148148,0.074074074,0.518518519
0.222222222,0.296296296,0.148148148,0.259259259,0.481481481,0.185185185,0.148148148,0.074074074,0.518518519
0.222222222,0.074074074,0.259259259,0.111111111,0.37037037,0.185185185,0.148148148,0.074074074,0.518518519
0.222222222,0.259259259,0.185185185,0.185185185,0.074074074,0.185185185,0.148148148,0.074074074,0.518518519
0.037037037,0.185185185,0.111111111,0.111111111,0.481481481,0.185185185,0.148148148,0.074074074,0.518518519
0.037037037,0.185185185,0.222222222,0.185185185,0.111111111,0.185185185,0.148148148,0.074074074,0.518518519
0.037037037,0.185185185,0.185185185,0.222222222,0.62962963,0.185185185,0.148148148,0.074074074,0.518518519
0.185185185,0.148148148,0.148148148,0.148148148,0.259259259,0.185185185,0.148148148,0.074074074,0.518518519
0.222222222,0.518518519,0.148148148,0.222222222,0.666666667,0.185185185,0.148148148,0.074074074,0.518518519
0.62962963,0.037037037,0.111111111,0.111111111,0.518518519,0.185185185,0.148148148,0.074074074,0.518518519
0.037037037,0.111111111,0.111111111,0.111111111,0.074074074,0.185185185,0.148148148,0.074074074,0.518518519
0.037037037,0.148148148,0.148148148,0.148148148,0.518518519,0.185185185,0.148148148,0.074074074,0.518518519
0.111111111,0.222222222,0.111111111,0.333333333,0.111111111,0.111111111,0.333333333,0.222222222,0.555555556
0.444444444,0.333333333,0.444444444,0.555555556,0.111111111,0.111111111,0.333333333,0.222222222,0.555555556
0.222222222,0.444444444,0.444444444,0.222222222,0.111111111,0.111111111,0.333333333,0.222222222,0.555555556
0.111111111,0.111111111,0.333333333,0.333333333,0,0.111111111,0.333333333,0.222222222,0.555555556
0.111111111,0.222222222,0.111111111,0.444444444,0.444444444,0.111111111,0.333333333,0.222222222,0.555555556
0.222222222,0.111111111,0.222222222,0.222222222,0.444444444,0.111111111,0.333333333,0.222222222,0.555555556
0.111111111,0.222222222,0.222222222,0.222222222,0.333333333,0.111111111,0.333333333,0.222222222,0.555555556
0.222222222,0.333333333,0.333333333,0.111111111,0.111111111,0.111111111,0.333333333,0.222222222,0.555555556
0,0,0,0.111111111,0.111111111,0.111111111,0.333333333,0.222222222,0.555555556
0,0.111111111,0.222222222,0.111111111,0.222222222,0.111111111,0.333333333,0.222222222,0.555555556
0.333333333,0,0.333333333,0.111111111,0,0.111111111,0.333333333,0.222222222,0.555555556
0.111111111,0,0.222222222,0.333333333,0.333333333,0.111111111,0.333333333,0.222222222,0.555555556
0.333333333,0.333333333,0,0.222222222,0.333333333,0.111111111,0.333333333,0.222222222,0.555555556
0.222222222,0.111111111,0.333333333,0.222222222,0.444444444,0.111111111,0.333333333,0.222222222,0.555555556
0,0.444444444,0.111111111,0.444444444,0.444444444,0.111111111,0.333333333,0.222222222,0.555555556
0.222222222,0.111111111,0,0.111111111,0.444444444,0.111111111,0.333333333,0.222222222,0.555555556
0.444444444,0.222222222,0.444444444,0.111111111,0.333333333,0.111111111,0.333333333,0.222222222,0.555555556
0.111111111,0.444444444,0.111111111,0.222222222,0.111111111,0.111111111,0.333333333,0.222222222,0.555555556
0.333333333,0.111111111,0.222222222,0.222222222,0.222222222,0.111111111,0.333333333,0.222222222,0.555555556
0.111111111,0.222222222,0.333333333,0.444444444,0.111111111,0.111111111,0.333333333,0.222222222,0.555555556
0.222222222,0.111111111,0.111111111,0.111111111,0.111111111,0.111111111,0.333333333,0.222222222,0.555555556
0.155844156,0.298701299,0.25974026,0.233766234,0.155844156,0.181818182,0.181818182,0.181818182,0.25974026
0.116883117,0.194805195,0.272727273,0.233766234,0.077922078,0.181818182,0.181818182,0.181818182,0.25974026
0.272727273,0.207792208,0.25974026,0.233766234,0.25974026,0.181818182,0.181818182,0.181818182,0.25974026
0.272727273,0.142857143,0.25974026,0.155844156,0.25974026,0.181818182,0.181818182,0.181818182,0.25974026
0.311688312,0.181818182,0.246753247,0.272727273,0.142857143,0.181818182,0.181818182,0.181818182,0.25974026
0.233766234,0.12987013,0.25974026,0.155844156,0.194805195,0.181818182,0.181818182,0.181818182,0.25974026
0.311688312,0.181818182,0.220779221,0.233766234,0.142857143,0.181818182,0.181818182,0.181818182,0.25974026
0.272727273,0.181818182,0.25974026,0.181818182,0.233766234,0.181818182,0.181818182,0.181818182,0.25974026
0.181818182,0.155844156,0.25974026,0.233766234,0.220779221,0.181818182,0.181818182,0.181818182,0.25974026
0.311688312,0.168831169,0.25974026,0.12987013,0.116883117,0.181818182,0.181818182,0.181818182,0.25974026
0.272727273,0.142857143,0.25974026,0.155844156,0.155844156,0.181818182,0.181818182,0.181818182,0.25974026
0.168831169,0.233766234,0.25974026,0.272727273,0.337662338,0.181818182,0.181818182,0.181818182,0.25974026
0.068027211,0.115646259,0.217687075,0.102040816,0.020408163,0.074829932,0.020408163,0.013605442,0.768707483
0.027210884,0.074829932,0.06122449,0.136054422,0.006802721,0.074829932,0.020408163,0.013605442,0.768707483
0,0.034013605,0.034013605,0.027210884,0.013605442,0.074829932,0.020408163,0.013605442,0.768707483
0,0.163265306,0.06122449,0.149659864,0,0.074829932,0.020408163,0.013605442,0.768707483
0.034013605,0.040816327,0.06122449,0.047619048,0.551020408,0.074829932,0.020408163,0.013605442,0.768707483
0.095238095,0.020408163,0.054421769,0.027210884,0.034013605,0.074829932,0.020408163,0.013605442,0.768707483
0,0.013605442,0.068027211,0.020408163,0,0.074829932,0.020408163,0.013605442,0.768707483
0.387755102,0.006802721,0.047619048,0,0.006802721,0.074829932,0.020408163,0.013605442,0.768707483
0.095238095,0.006802721,0.040816327,0,0.006802721,0.074829932,0.020408163,0.013605442,0.768707483
0.210884354,0.020408163,0.088435374,0,0,0.074829932,0.020408163,0.013605442,0.768707483
0,0.034013605,0.054421769,0,0.659863946,0.074829932,0.020408163,0.013605442,0.768707483
0.006802721,0.013605442,0.068027211,0.006802721,0.25170068,0.074829932,0.020408163,0.013605442,0.768707483
0.020408163,0.013605442,0.006802721,0.013605442,0.612244898,0.074829932,0.020408163,0.013605442,0.768707483
0,0,0.136054422,0,0.605442177,0.074829932,0.020408163,0.013605442,0.768707483
0.095238095,0.108843537,0.040816327,0.074829932,0,0.074829932,0.020408163,0.013605442,0.768707483
0.095238095,0.006802721,0.047619048,0.006802721,0.006802721,0.074829932,0.020408163,0.013605442,0.768707483
0,0.244897959,0.081632653,0.040816327,0.020408163,0.074829932,0.020408163,0.013605442,0.768707483
0.068027211,0.006802721,0.040816327,0.020408163,0.149659864,0.074829932,0.020408163,0.013605442,0.768707483
0.272727273,0.227272727,0.209090909,0.281818182,0.136363636,0.181818182,0.190909091,0.127272727,0.3
0.127272727,0.272727273,0.2,0.272727273,0.118181818,0.181818182,0.190909091,0.127272727,0.3
0.181818182,0.236363636,0.2,0.281818182,0.127272727,0.181818182,0.190909091,0.127272727,0.3
0.236363636,0.190909091,0.209090909,0.154545455,0.281818182,0.181818182,0.190909091,0.127272727,0.3
0.118181818,0.145454545,0.2,0.127272727,0.181818182,0.181818182,0.190909091,0.127272727,0.3
0.118181818,0.127272727,0.2,0.118181818,0.163636364,0.181818182,0.190909091,0.127272727,0.3
0.236363636,0.163636364,0.2,0.145454545,0.1,0.181818182,0.190909091,0.127272727,0.3
0.236363636,0.136363636,0.190909091,0.136363636,0.190909091,0.181818182,0.190909091,0.127272727,0.3
0.236363636,0.190909091,0.2,0.163636364,0.118181818,0.181818182,0.190909091,0.127272727,0.3
0.236363636,0.136363636,0.190909091,0.136363636,0.263636364,0.181818182,0.190909091,0.127272727,0.3
0.127272727,0.209090909,0.2,0.181818182,0.254545455,0.181818182,0.190909091,0.127272727,0.3
0.236363636,0.154545455,0.2,0.127272727,0.090909091,0.181818182,0.190909091,0.127272727,0.3
0.118181818,0.154545455,0.2,0.181818182,0.227272727,0.181818182,0.190909091,0.127272727,0.3
0.098591549,0.295774648,0.225352113,0.394366197,0.070422535,0.126760563,0.126760563,0.042253521,0.816901408
0.028169014,0.183098592,0.23943662,0.450704225,0.112676056,0.126760563,0.126760563,0.042253521,0.816901408
0.042253521,0.112676056,0.492957746,0.211267606,0.042253521,0.126760563,0.126760563,0.042253521,0.816901408
0.309859155,0.225352113,0.225352113,0.267605634,0.591549296,0.126760563,0.126760563,0.042253521,0.816901408
0.309859155,0.112676056,0.112676056,0.112676056,0.098591549,0.126760563,0.126760563,0.042253521,0.816901408
0.154929577,0.211267606,0.183098592,0.197183099,0.042253521,0.126760563,0.126760563,0.042253521,0.816901408
0.042253521,0.084507042,0.169014085,0.098591549,0.112676056,0.126760563,0.126760563,0.042253521,0.816901408
0.14084507,0.211267606,0.126760563,0.225352113,0.028169014,0.126760563,0.126760563,0.042253521,0.816901408
0.309859155,0.126760563,0.14084507,0.169014085,0.183098592,0.126760563,0.126760563,0.042253521,0.816901408
0.309859155,0.14084507,0.112676056,0.14084507,0.028169014,0.126760563,0.126760563,0.042253521,0.816901408
0.309859155,0.14084507,0.112676056,0.112676056,0.14084507,0.126760563,0.126760563,0.042253521,0.816901408
0.028169014,0.23943662,0.23943662,0.408450704,0.070422535,0.126760563,0.126760563,0.042253521,0.816901408
0.084507042,0.084507042,0.14084507,0.23943662,0.098591549,0.126760563,0.126760563,0.042253521,0.816901408
0.071428571,0.071428571,0.166666667,0.119047619,0.214285714,0.095238095,0.214285714,0.119047619,0.238095238
0.071428571,0.238095238,0.214285714,0.19047619,0.166666667,0.095238095,0.214285714,0.119047619,0.238095238
0.19047619,0.071428571,0.19047619,0.285714286,0.261904762,0.095238095,0.214285714,0.119047619,0.238095238
0.142857143,0.166666667,0.214285714,0.261904762,0.238095238,0.095238095,0.214285714,0.119047619,0.238095238
0.119047619,0.142857143,0.19047619,0.095238095,0.142857143,0.095238095,0.214285714,0.119047619,0.238095238
0.095238095,0.19047619,0.261904762,0.214285714,0.214285714,0.095238095,0.214285714,0.119047619,0.238095238
0.071428571,0.119047619,0.166666667,0.142857143,0.214285714,0.095238095,0.214285714,0.119047619,0.238095238
0.166666667,0.119047619,0.19047619,0.119047619,0.214285714,0.095238095,0.214285714,0.119047619,0.238095238
0.071428571,0.166666667,0.166666667,0.095238095,0.214285714,0.095238095,0.214285714,0.119047619,0.238095238
0.047619048,0.19047619,0.19047619,0.19047619,0.214285714,0.095238095,0.214285714,0.119047619,0.238095238
0.047619048,0.166666667,0.19047619,0.166666667,0.238095238,0.095238095,0.214285714,0.119047619,0.238095238
0.095238095,0.214285714,0.166666667,0.142857143,0.142857143,0.095238095,0.214285714,0.119047619,0.238095238
0.095238095,0.19047619,0.214285714,0.166666667,0.214285714,0.095238095,0.214285714,0.119047619,0.238095238
0.071428571,0.30952381,0.261904762,0.19047619,0.238095238,0.095238095,0.214285714,0.119047619,0.238095238
0.064809551,0.176236498,0.266628766,0.139283684,0.225127914,0.121660034,0.279704377,0.060830017,0.397953383
0.077316657,0.144968732,0.225696418,0.101762365,0.256964184,0.121660034,0.279704377,0.060830017,0.397953383
0.064241046,0.342239909,0.268334281,0.130756111,0.318362706,0.121660034,0.279704377,0.060830017,0.397953383
0.245025583,0.210915293,0.240477544,0.115406481,0.072768619,0.121660034,0.279704377,0.060830017,0.397953383
0.158044343,0.110858442,0.205798749,0.165434906,0.357021035,0.121660034,0.279704377,0.060830017,0.397953383
0.086412735,0.185332575,0.22001137,0.100625355,0.392836839,0.121660034,0.279704377,0.060830017,0.397953383
0.131893121,0.161455372,0.255827175,0.145537237,0.309266629,0.121660034,0.279704377,0.060830017,0.397953383
0.158044343,0.140989198,0.22114838,0.144968732,0.333143832,0.121660034,0.279704377,0.060830017,0.397953383
0.060261512,0.159749858,0.257532689,0.113132462,0.227970438,0.121660034,0.279704377,0.060830017,0.397953383
0.107447413,0.187606595,0.222285389,0.139852189,0.364980102,0.121660034,0.279704377,0.060830017,0.397953383
0.107447413,0.208072769,0.259806708,0.159181353,0.391699829,0.121660034,0.279704377,0.060830017,0.397953383
0.062535532,0.126208073,0.229675952,0.108015918,0.317225696,0.121660034,0.279704377,0.060830017,0.397953383
0.064241046,0.154633314,0.230244457,0.297328027,0.379761228,0.121660034,0.279704377,0.060830017,0.397953383
0.158044343,0.195565662,0.223422399,0.144968732,0.199545196,0.121660034,0.279704377,0.060830017,0.397953383
0.064809551,0.18476407,0.222853894,0.140420694,0.391699829,0.121660034,0.279704377,0.060830017,0.397953383
0.138888889,0.138888889,0.277777778,0.138888889,0,0.138888889,0,0.138888889,0.361111111
0.416666667,0.111111111,0.055555556,0.138888889,0.388888889,0.138888889,0,0.138888889,0.361111111
0.111111111,0.166666667,0.138888889,0.083333333,0.416666667,0.138888889,0,0.138888889,0.361111111
0.166666667,0.055555556,0.416666667,0.138888889,0.305555556,0.138888889,0,0.138888889,0.361111111
0.138888889,0.166666667,0,0.138888889,0,0.138888889,0,0.138888889,0.361111111
0.111111111,0.111111111,0.138888889,0.305555556,0,0.138888889,0,0.138888889,0.361111111
0.138888889,0.083333333,0.166666667,0.111111111,0.388888889,0.138888889,0,0.138888889,0.361111111
0.111111111,0.055555556,0.277777778,0.083333333,0.027777778,0.138888889,0,0.138888889,0.361111111
0.166666667,0,0,0,0.388888889,0.138888889,0,0.138888889,0.361111111
0.194444444,0.194444444,0.277777778,0.166666667,0,0.138888889,0,0.138888889,0.361111111
0.333333333,0.138888889,0.111111111,0.138888889,0,0.138888889,0,0.138888889,0.361111111
0.333333333,0.027777778,0.444444444,0.027777778,0.277777778,0.138888889,0,0.138888889,0.361111111
0.333333333,0.138888889,0.277777778,0.138888889,0.388888889,0.138888889,0,0.138888889,0.361111111
0.111111111,0.055555556,0.388888889,0,0,0.138888889,0,0.138888889,0.361111111
0.138888889,0.138888889,0.25,0.194444444,0.194444444,0.138888889,0,0.138888889,0.361111111
0.138888889,0.055555556,0.277777778,0.055555556,0.388888889,0.138888889,0,0.138888889,0.361111111
0.194444444,0.138888889,0.333333333,0.138888889,0.111111111,0.138888889,0,0.138888889,0.361111111
0.388888889,0.138888889,0.333333333,0.138888889,0.111111111,0.138888889,0,0.138888889,0.361111111
0.333333333,0.222222222,0.138888889,0.194444444,0.138888889,0.138888889,0,0.138888889,0.361111111
0.333333333,0.222222222,0.055555556,0.111111111,0,0.138888889,0,0.138888889,0.361111111
0.083333333,0.083333333,0.194444444,0.083333333,0.027777778,0.138888889,0,0.138888889,0.361111111
0.111111111,0.166666667,0.138888889,0.111111111,0,0.138888889,0,0.138888889,0.361111111
0.111111111,0.166666667,0.083333333,0.222222222,0,0.138888889,0,0.138888889,0.361111111
0.138888889,0.138888889,0.333333333,0.138888889,0.388888889,0.138888889,0,0.138888889,0.361111111
0.333333333,0.027777778,0.5,0,0.111111111,0.138888889,0,0.138888889,0.361111111
0.161764706,0.147058824,0.132352941,0.205882353,0.25,0.397058824,0.176470588,0.073529412,0.161764706
0.220588235,0.294117647,0.161764706,0.132352941,0.161764706,0.397058824,0.176470588,0.073529412,0.161764706
0.088235294,0.411764706,0.132352941,0.191176471,0.426470588,0.397058824,0.176470588,0.073529412,0.161764706
0.132352941,0.176470588,0.132352941,0.161764706,0.132352941,0.397058824,0.176470588,0.073529412,0.161764706
0.529411765,0.102941176,0.132352941,0.117647059,0.205882353,0.397058824,0.176470588,0.073529412,0.161764706
0.235294118,0.102941176,0.132352941,0.102941176,0.220588235,0.397058824,0.176470588,0.073529412,0.161764706
0.294117647,0.132352941,0.132352941,0.132352941,0.411764706,0.397058824,0.176470588,0.073529412,0.161764706
0.529411765,0.117647059,0.132352941,0.102941176,0.279411765,0.397058824,0.176470588,0.073529412,0.161764706
0.426470588,0.176470588,0.132352941,0.117647059,0.411764706,0.397058824,0.176470588,0.073529412,0.161764706
0.132352941,0.191176471,0.132352941,0.264705882,0.25,0.397058824,0.176470588,0.073529412,0.161764706
0.088235294,0.220588235,0.132352941,0.191176471,0.294117647,0.397058824,0.176470588,0.073529412,0.161764706
0.279411765,0.117647059,0.132352941,0.088235294,0.147058824,0.397058824,0.176470588,0.073529412,0.161764706
0.147058824,0.102941176,0.132352941,0.117647059,0.117647059,0.397058824,0.176470588,0.073529412,0.161764706
0.090909091,0.113636364,0.295454545,0.159090909,0.272727273,0.227272727,0.204545455,0.113636364,0.409090909
0.113636364,0.409090909,0.272727273,0.318181818,0.227272727,0.227272727,0.204545455,0.113636364,0.409090909
0.431818182,0.136363636,0.295454545,0.181818182,0.386363636,0.227272727,0.204545455,0.113636364,0.409090909
0.113636364,0.136363636,0.318181818,0.159090909,0.409090909,0.227272727,0.204545455,0.113636364,0.409090909
0.090909091,0.113636364,0.363636364,0.113636364,0.431818182,0.227272727,0.204545455,0.113636364,0.409090909
0.113636364,0.227272727,0.386363636,0.181818182,0.386363636,0.227272727,0.204545455,0.113636364,0.409090909
0.159090909,0.113636364,0.409090909,0.113636364,0.295454545,0.227272727,0.204545455,0.113636364,0.409090909
0.113636364,0.181818182,0.318181818,0.090909091,0.25,0.227272727,0.204545455,0.113636364,0.409090909
0.113636364,0.318181818,0.363636364,0.340909091,0.386363636,0.227272727,0.204545455,0.113636364,0.409090909
0.136363636,0.227272727,0.340909091,0.204545455,0.386363636,0.227272727,0.204545455,0.113636364,0.409090909
0.136363636,0.227272727,0.295454545,0.227272727,0.295454545,0.227272727,0.204545455,0.113636364,0.409090909
0.090909091,0.227272727,0.409090909,0.25,0.409090909,0.227272727,0.204545455,0.113636364,0.409090909
0.136363636,0.295454545,0.159090909,0.318181818,0.363636364,0.227272727,0.204545455,0.113636364,0.409090909
0.136363636,0.204545455,0.25,0.181818182,0.477272727,0.227272727,0.204545455,0.113636364,0.409090909
0.068181818,0.25,0.295454545,0.25,0.295454545,0.227272727,0.204545455,0.113636364,0.409090909
0.159090909,0.340909091,0.113636364,0.295454545,0.227272727,0.227272727,0.204545455,0.113636364,0.409090909
0.113636364,0.159090909,0.340909091,0.090909091,0.386363636,0.227272727,0.204545455,0.113636364,0.409090909
0.090909091,0.181818182,0.386363636,0.272727273,0.136363636,0.227272727,0.204545455,0.113636364,0.409090909
0.136363636,0.204545455,0.25,0.181818182,0.136363636,0.227272727,0.204545455,0.113636364,0.409090909
0.090909091,0.25,0.363636364,0.340909091,0.386363636,0.227272727,0.204545455,0.113636364,0.409090909
0.136363636,0.227272727,0.409090909,0.227272727,0.363636364,0.227272727,0.204545455,0.113636364,0.409090909
0.113636364,0.25,0.340909091,0.181818182,0.386363636,0.227272727,0.204545455,0.113636364,0.409090909
0.113636364,0.227272727,0.363636364,0.227272727,0.363636364,0.227272727,0.204545455,0.113636364,0.409090909
0.090909091,0.181818182,0.159090909,0.25,0.454545455,0.227272727,0.204545455,0.113636364,0.409090909
0.136363636,0.340909091,0.25,0.340909091,0.386363636,0.227272727,0.204545455,0.113636364,0.409090909
0.113636364,0.204545455,0.181818182,0.204545455,0.386363636,0.227272727,0.204545455,0.113636364,0.409090909
0.136363636,0.340909091,0.136363636,0.318181818,0.181818182,0.227272727,0.204545455,0.113636364,0.409090909
0.113636364,0.159090909,0.340909091,0.318181818,0.386363636,0.227272727,0.204545455,0.113636364,0.409090909
0.296296296,0.222222222,0.148148148,0.296296296,0.185185185,0.296296296,0.222222222,0.296296296,0.222222222
0.148148148,0.296296296,0.185185185,0.222222222,0.185185185,0.296296296,0.222222222,0.296296296,0.222222222
0.222222222,0.259259259,0.185185185,0.185185185,0.222222222,0.296296296,0.222222222,0.296296296,0.222222222
0.185185185,0.333333333,0.222222222,0.185185185,0.259259259,0.296296296,0.222222222,0.296296296,0.222222222
0.148148148,0.296296296,0.185185185,0.37037037,0.148148148,0.296296296,0.222222222,0.296296296,0.222222222
0.185185185,0.185185185,0.259259259,0.222222222,0.259259259,0.296296296,0.222222222,0.296296296,0.222222222
0.259259259,0.185185185,0.111111111,0.333333333,0.222222222,0.296296296,0.222222222,0.296296296,0.222222222
0.333333333,0.222222222,0.222222222,0.222222222,0.296296296,0.296296296,0.222222222,0.296296296,0.222222222
0.333333333,0.259259259,0.185185185,0.259259259,0.111111111,0.296296296,0.222222222,0.296296296,0.222222222
0.259259259,0.222222222,0.222222222,0.222222222,0.259259259,0.296296296,0.222222222,0.296296296,0.222222222
0.222222222,0.296296296,0.148148148,0.296296296,0.148148148,0.296296296,0.222222222,0.296296296,0.222222222
0.444444444,0.259259259,0.296296296,0.333333333,0.111111111,0.296296296,0.222222222,0.296296296,0.222222222
0.259259259,0.185185185,0.185185185,0.185185185,0.222222222,0.296296296,0.222222222,0.296296296,0.222222222
0.259259259,0.185185185,0.037037037,0.185185185,0.259259259,0.296296296,0.222222222,0.296296296,0.222222222
0.259259259,0.222222222,0.185185185,0.185185185,0.259259259,0.296296296,0.222222222,0.296296296,0.222222222
0.259259259,0.222222222,0.296296296,0.185185185,0.259259259,0.296296296,0.222222222,0.296296296,0.222222222
0.222222222,0.296296296,0.222222222,0.296296296,0.222222222,0.296296296,0.222222222,0.296296296,0.222222222
0.262295082,0.245901639,0.360655738,0.213114754,0.262295082,0.131147541,0.262295082,0.147540984,0.213114754
0.180327869,0.31147541,0.393442623,0.262295082,0.262295082,0.131147541,0.262295082,0.147540984,0.213114754
0.081967213,0.180327869,0.360655738,0.196721311,0.196721311,0.131147541,0.262295082,0.147540984,0.213114754
0.245901639,0.163934426,0.360655738,0.196721311,0.180327869,0.131147541,0.262295082,0.147540984,0.213114754
0.163934426,0.213114754,0.360655738,0.147540984,0.114754098,0.131147541,0.262295082,0.147540984,0.213114754
0.163934426,0.196721311,0.229508197,0.245901639,0.229508197,0.131147541,0.262295082,0.147540984,0.213114754
0.163934426,0.131147541,0.360655738,0.163934426,0.245901639,0.131147541,0.262295082,0.147540984,0.213114754
0.114754098,0.262295082,0.37704918,0.295081967,0.31147541,0.131147541,0.262295082,0.147540984,0.213114754
0.114754098,0.213114754,0.393442623,0.196721311,0.213114754,0.131147541,0.262295082,0.147540984,0.213114754
0.098360656,0.229508197,0.393442623,0.229508197,0.213114754,0.131147541,0.262295082,0.147540984,0.213114754
0.31147541,0.213114754,0.360655738,0.229508197,0.163934426,0.131147541,0.262295082,0.147540984,0.213114754
0.196721311,0.229508197,0.278688525,0.229508197,0.131147541,0.131147541,0.262295082,0.147540984,0.213114754
0.081967213,0.196721311,0.278688525,0.163934426,0.245901639,0.131147541,0.262295082,0.147540984,0.213114754
0.081967213,0.262295082,0.37704918,0.245901639,0.229508197,0.131147541,0.262295082,0.147540984,0.213114754
0.180327869,0.295081967,0.393442623,0.295081967,0.295081967,0.131147541,0.262295082,0.147540984,0.213114754
0.5,0,0,0.125,0,0.1875,0,0.1875,0.125
0.375,0.0625,0,0.25,0.0625,0.1875,0,0.1875,0.125
0.375,0.125,0,0.125,0,0.1875,0,0.1875,0.125
0.5,0.375,0,0.1875,0,0.1875,0,0.1875,0.125
0.375,0.125,0,0.25,0.5,0.1875,0,0.1875,0.125
0.125,0.125,0,0.125,0,0.1875,0,0.1875,0.125
0.25,0.4375,0,0.125,0.125,0.1875,0,0.1875,0.125
0.5,0.0625,0,0.125,0.1875,0.1875,0,0.1875,0.125
0.5,0.0625,0,0.1875,0,0.1875,0,0.1875,0.125
0.5,0.375,0,0.0625,0,0.1875,0,0.1875,0.125
0.375,0.1875,0,0.1875,0,0.1875,0,0.1875,0.125
0.0625,0.125,0,0,0.1875,0.1875,0,0.1875,0.125
0.125,0.1875,0,0,0.125,0.1875,0,0.1875,0.125
0.035714286,0.178571429,0.314285714,0.307142857,0.242857143,0.178571429,0.235714286,0.064285714,0.285714286
0.028571429,0.285714286,0.314285714,0.164285714,0.128571429,0.178571429,0.235714286,0.064285714,0.285714286
0.378571429,0.3,0.314285714,0.285714286,0.25,0.178571429,0.235714286,0.064285714,0.285714286
0.057142857,0.314285714,0.307142857,0.278571429,0.2,0.178571429,0.235714286,0.064285714,0.285714286
0.028571429,0.192857143,0.321428571,0.2,0.242857143,0.178571429,0.235714286,0.064285714,0.285714286
0.192857143,0.335714286,0.328571429,0.314285714,0.314285714,0.178571429,0.235714286,0.064285714,0.285714286
0.035714286,0.128571429,0.314285714,0.207142857,0.285714286,0.178571429,0.235714286,0.064285714,0.285714286
0.164285714,0.214285714,0.321428571,0.2,0.185714286,0.178571429,0.235714286,0.064285714,0.285714286
0.264285714,0.185714286,0.314285714,0.157142857,0.292857143,0.178571429,0.235714286,0.064285714,0.285714286
0.064285714,0.157142857,0.328571429,0.321428571,0.2,0.178571429,0.235714286,0.064285714,0.285714286
0.035714286,0.221428571,0.3,0.157142857,0.257142857,0.178571429,0.235714286,0.064285714,0.285714286
0.357142857,0.235714286,0.321428571,0.264285714,0.321428571,0.178571429,0.235714286,0.064285714,0.285714286
0.028571429,0.2,0.314285714,0.257142857,0.314285714,0.178571429,0.235714286,0.064285714,0.285714286
0.035714286,0.264285714,0.314285714,0.285714286,0.314285714,0.178571429,0.235714286,0.064285714,0.285714286
0.073033708,0.230337079,0.584269663,0.370786517,0.556179775,0.162921348,0.584269663,0.095505618,0.308988764
0.06741573,0.438202247,0.595505618,0.275280899,0.174157303,0.162921348,0.584269663,0.095505618,0.308988764
0.095505618,0.314606742,0.584269663,0.365168539,0.308988764,0.162921348,0.584269663,0.095505618,0.308988764
0.033707865,0.325842697,0.601123596,0.331460674,0.286516854,0.162921348,0.584269663,0.095505618,0.308988764
0.050561798,0.264044944,0.595505618,0.275280899,0.207865169,0.162921348,0.584269663,0.095505618,0.308988764
0.185393258,0.376404494,0.595505618,0.365168539,0.640449438,0.162921348,0.584269663,0.095505618,0.308988764
0.08988764,0.073033708,0.601123596,0.314606742,0.612359551,0.162921348,0.584269663,0.095505618,0.308988764
0.056179775,0.224719101,0.58988764,0.393258427,0.292134831,0.162921348,0.584269663,0.095505618,0.308988764
0.08988764,0.325842697,0.601123596,0.398876404,0.365168539,0.162921348,0.584269663,0.095505618,0.308988764
0.168539326,0.426966292,0.556179775,0.320224719,0.179775281,0.162921348,0.584269663,0.095505618,0.308988764
0.393258427,0.41011236,0.601123596,0.314606742,0.47752809,0.162921348,0.584269663,0.095505618,0.308988764
0.061797753,0.308988764,0.601123596,0.286516854,0.640449438,0.162921348,0.584269663,0.095505618,0.308988764
0.061797753,0.337078652,0.601123596,0.320224719,0.528089888,0.162921348,0.584269663,0.095505618,0.308988764
0.08988764,0.241573034,0.584269663,0.415730337,0.297752809,0.162921348,0.584269663,0.095505618,0.308988764
0.111332008,0.07554672,0.17693837,0.045725646,0.254473161,0.127236581,0.188866799,0.033797217,0.089463221
0.151093439,0.073558648,0.103379722,0.055666004,0.182902584,0.127236581,0.188866799,0.033797217,0.089463221
0.294234592,0.180914513,0.198807157,0.085487078,0.168986083,0.127236581,0.188866799,0.033797217,0.089463221
0.172962227,0.091451292,0.17693837,0.057654076,0.184890656,0.127236581,0.188866799,0.033797217,0.089463221
0.178926441,0.13916501,0.17693837,0.089463221,0.119284294,0.127236581,0.188866799,0.033797217,0.089463221
0.081510934,0.127236581,0.17693837,0.087475149,0.188866799,0.127236581,0.188866799,0.033797217,0.089463221
0.184890656,0.077534791,0.17693837,0.06361829,0.328031809,0.127236581,0.188866799,0.033797217,0.089463221
0.204771372,0.111332008,0.17693837,0.061630219,0.186878728,0.127236581,0.188866799,0.033797217,0.089463221
0.081510934,0.061630219,0.200795229,0.06361829,0.093439364,0.127236581,0.188866799,0.033797217,0.089463221
0.091451292,0.077534791,0.210735586,0.06361829,0.427435388,0.127236581,0.188866799,0.033797217,0.089463221
0.178926441,0.180914513,0.17693837,0.166998012,0.089463221,0.127236581,0.188866799,0.033797217,0.089463221
